,err,model_unc,data_unc,unc,g,pred,index
[C:4]([H:5])([H:6])([H:7])[H:8].[O:1]=[C:2]=[O:3]>>[O:1]([C:2](=[O:3])[C:4]([H:6])([H:7])[H:8])[H:5],15.03351472549339,3.009557777796145,5.319406596488426,6.111752985572784,100.60902180042467,115.64253652591806,0.0
[O:1]([C:2](=[O:3])[C:4]([H:6])([H:7])[H:8])[H:5]>>[C:4]([H:5])([H:6])([H:7])[H:8].[O:1]=[C:2]=[O:3],2.7469617179460357,1.2732100279384326,2.4453136208895687,2.756922646675281,71.23225490486948,68.48529318692344,1.0
[C-:1]#[O+:2].[C:3]([H:4])([H:5])([H:6])[H:7]>>[C:1](=[O:2])([C:3]([H:5])([H:6])[H:7])[H:4],12.197755777090947,3.1849279591631943,4.226067998229985,5.2918254724360505,105.3101163002575,117.50787207734845,2.0
[C:1](=[O:2])([C:3]([H:5])([H:6])[H:7])[H:4]>>[C-:1]#[O+:2].[C:3]([H:4])([H:5])([H:6])[H:7],4.0785871078577,0.9653309713489043,2.510895560813201,2.690066988302867,83.71302214395837,87.79160925181607,3.0
[C:1](=[O:2])[H:3].[C:4]([H:5])([H:6])([H:7])[H:8]>>[C:1](=[O:2])([H:3])[H:5].[C:4]([H:6])([H:7])[H:8],19.04355875316088,3.9355366857767358,7.6911052678962335,8.639534087377381,40.56555088535242,59.6091096385133,4.0
[C:1](=[O:2])([H:3])[H:5].[C:4]([H:6])([H:7])[H:8]>>[C:1](=[O:2])[H:3].[C:4]([H:5])([H:6])([H:7])[H:8],40.105517044035345,1.3254385887557383,3.5992467659720724,3.8355396927842142,23.461718965350883,63.56723600938623,5.0
[C:2]([H:3])([H:4])([H:5])[H:6].[H:1]>>[C:2]([H:4])([H:5])[H:6].[H:1][H:3],55.30261477053614,7.430968906331989,11.577076550712414,13.756743813414863,22.9347722853272,78.23738705586334,6.0
[C:2]([H:4])([H:5])[H:6].[H:1][H:3]>>[C:2]([H:3])([H:4])([H:5])[H:6].[H:1],22.860092800941985,3.13205601062556,8.788210370868592,9.329652532454677,28.685395588254323,51.54548838919631,7.0
[C:1](=[C:2]([C:3]([H:7])([H:8])[H:9])[O:4])([H:5])[H:6]>>[C:1](=[C:2]=[O:4])([H:5])[H:6].[C:3]([H:7])([H:8])[H:9],28.09004743461435,2.0302233418013924,6.211297562699967,6.534678586586931,35.70474491006462,63.79479234467897,8.0
[C:1](=[C:2]=[O:4])([H:5])[H:6].[C:3]([H:7])([H:8])[H:9]>>[C:1](=[C:2]([C:3]([H:7])([H:8])[H:9])[O:4])([H:5])[H:6],44.34347447159746,2.1747869363695433,4.752149409523767,5.2261479340945485,30.49912219590624,74.8425966675037,9.0
[C:1]([H:2])([H:3])[H:4].[C:5](=[C:6]([H:9])[H:10])([H:7])[H:8]>>[C:1]([H:2])([H:3])([H:4])[C:5]([C:6]([H:9])[H:10])([H:7])[H:8],48.72984738947427,1.4067825301650805,6.862814684505732,7.0055165748890476,26.297606054824428,75.0274534442987,10.0
[C:1]([H:2])([H:3])([H:4])[C:5]([C:6]([H:9])[H:10])([H:7])[H:8]>>[C:1]([H:2])([H:3])[H:4].[C:5](=[C:6]([H:9])[H:10])([H:7])[H:8],26.31554976560635,3.054026362995494,5.443811084559677,6.241967330116867,30.790922523199697,57.106472288806046,11.0
[C:2](=[C:3]([H:6])[H:7])([H:4])[H:5].[H:1]>>[H:1][C:2]([C:3]([H:6])[H:7])([H:4])[H:5],40.79279732012496,3.5169909343672923,8.460520900924573,9.162403568245795,16.877251810707094,57.670049130832055,12.0
[H:1][C:2]([C:3]([H:6])[H:7])([H:4])[H:5]>>[C:2](=[C:3]([H:6])[H:7])([H:4])[H:5].[H:1],0.4869244691953014,3.134756989543405,6.733568593534463,7.427492671643972,43.53778854191478,44.02471301111008,13.0
[C:1]([O:2])([H:3])([H:4])[H:5].[C:6](=[C:7]=[O:8])([H:9])[H:10]>>[C:1]([O:2][C:7]([C:6]([H:9])[H:10])=[O:8])([H:3])([H:4])[H:5],48.7753474899462,4.603220658360548,7.195302652585902,8.541780885264327,31.72367086293525,80.49901835288145,14.0
[C:1]([O:2][C:7]([C:6]([H:9])[H:10])=[O:8])([H:3])([H:4])[H:5]>>[C:1]([O:2])([H:3])([H:4])[H:5].[C:6](=[C:7]=[O:8])([H:9])[H:10],2.3323551613529077,2.1112082095003895,5.268247344978755,5.67552906712119,42.79569793099654,45.12805309234945,15.0
[C:1](=[C:2]=[O:3])([H:4])[H:5].[H:6]>>[C:1](=[C:2]([O:3])[H:6])([H:4])[H:5],13.261287380642415,3.5720307808287113,13.179785041583731,13.655260438436978,58.91876625971054,72.18005364035295,16.0
[C:1](=[C:2]([O:3])[H:6])([H:4])[H:5]>>[C:1](=[C:2]=[O:3])([H:4])[H:5].[H:6],28.613704164880247,2.589048527641814,5.3282028545117255,5.923927576980592,78.14846775276237,49.534763587882125,17.0
[C:2](=[C:3]=[O:4])([H:5])[H:6].[H:1]>>[H:1][C:2]([C:3]=[O:4])([H:5])[H:6],48.50790043151588,1.7986047172813198,7.902329867188485,8.10443065606004,19.931521343140048,68.43942177465593,18.0
[H:1][C:2]([C:3]=[O:4])([H:5])[H:6]>>[C:2](=[C:3]=[O:4])([H:5])[H:6].[H:1],9.356311816748267,1.8605828226039012,5.441755180541867,5.751040591468899,48.039703948263195,38.68339213151493,19.0
[C:1](=[C:2]([O:3][H:7])[H:6])([H:4])[H:5].[C:8]([C:9]([H:13])[H:14])([H:10])([H:11])[H:12]>>[C:1](=[C:2]([O:3])[H:6])([H:4])[H:5].[H:7][C:9]([C:8]([H:10])([H:11])[H:12])([H:13])[H:14],11.837716017704267,1.7505569338758964,4.422751861406253,4.756593697838134,38.048408967471914,49.88612498517618,20.0
[C:1](=[C:2]([O:3])[H:6])([H:4])[H:5].[H:7][C:9]([C:8]([H:10])([H:11])[H:12])([H:13])[H:14]>>[C:1](=[C:2]([O:3][H:7])[H:6])([H:4])[H:5].[C:8]([C:9]([H:13])[H:14])([H:10])([H:11])[H:12],24.469447909963904,2.4970499150952863,3.127337446780454,4.0019367541869855,49.95134239242179,74.4207903023857,21.0
[C:1]([H:2])([H:3])[H:4].[C:5](=[C:6]([O:7][H:11])[H:10])([H:8])[H:9]>>[C:1]([H:2])([H:3])([H:4])[H:11].[C:5](=[C:6]([O:7])[H:10])([H:8])[H:9],13.90742046316138,1.8394461574260756,4.7401026314207275,5.084499495768611,30.076405480212998,43.98382594337438,22.0
[C:1]([H:2])([H:3])([H:4])[H:11].[C:5](=[C:6]([O:7])[H:10])([H:8])[H:9]>>[C:1]([H:2])([H:3])[H:4].[C:5](=[C:6]([O:7][H:11])[H:10])([H:8])[H:9],17.45894067306824,3.841556783205534,3.7987330352027464,5.402585602406789,51.00018282084784,68.45912349391608,23.0
[C:1](=[O:2])[H:3].[C:4](=[C:5]([O:6][H:10])[H:9])([H:7])[H:8]>>[C:1](=[O:2])([H:3])[H:10].[C:4](=[C:5]([O:6])[H:9])([H:7])[H:8],9.836984935426571,2.288304959703004,4.849510662076095,5.362284331345279,38.82247270591324,48.65945764133981,24.0
[C:1](=[O:2])([H:3])[H:10].[C:4](=[C:5]([O:6])[H:9])([H:7])[H:8]>>[C:1](=[O:2])[H:3].[C:4](=[C:5]([O:6][H:10])[H:9])([H:7])[H:8],32.51710956330203,1.7683888866454287,3.856063561546849,4.24221940086795,41.45672932337038,73.97383888667241,25.0
[C:2](=[C:3]([O:4][H:8])[H:7])([H:5])[H:6].[H:1]>>[C:2](=[C:3]([O:4])[H:7])([H:5])[H:6].[H:1][H:8],37.99692724840763,2.114412374158121,7.662926166430324,7.949287837294327,24.58299164166965,62.57991889007728,26.0
[C:2](=[C:3]([O:4])[H:7])([H:5])[H:6].[H:1][H:8]>>[C:2](=[C:3]([O:4][H:8])[H:7])([H:5])[H:6].[H:1],21.242597767606156,1.3787035355506412,5.916708658029727,6.075217262200898,50.404211849250714,71.64680961685687,27.0
[C:1](=[C:2]([O:3][H:7])[H:6])([H:4])[H:5]>>[C:1]([C:2](=[O:3])[H:6])([H:4])([H:5])[H:7],0.8193088905746535,0.5120424569498008,0.8156112469770519,0.9630208636964467,55.697754280859954,56.51706317143461,28.0
[C:1]([C:2](=[O:3])[H:6])([H:4])([H:5])[H:7]>>[C:1](=[C:2]([O:3][H:7])[H:6])([H:4])[H:5],0.5772592135240018,0.13124478182301771,0.6576885757032537,0.6706559888395435,69.12015267441166,69.69741188793566,29.0
[C:1](=[C:2]([O:3])[H:6])([H:4])[H:5].[C:7](=[C:8]([O:9])[H:12])([H:10])[H:11]>>[C:1](=[C:2]([O:3][H:12])[H:6])([H:4])[H:5].[C:7](=[C:8]=[O:9])([H:10])[H:11],16.280848961962946,1.4804488584131028,3.542483392348173,3.83939023901443,46.6635408338916,62.94438979585455,30.0
[C:1](=[C:2]([O:3][H:12])[H:6])([H:4])[H:5].[C:7](=[C:8]=[O:9])([H:10])[H:11]>>[C:1](=[C:2]([O:3])[H:6])([H:4])[H:5].[C:7](=[C:8]([O:9])[H:12])([H:10])[H:11],30.587444919939003,2.161565342485931,4.799194428235781,5.263518964518479,89.08841628700611,58.50097136706711,31.0
[C:1](=[C:2]([O:3])[H:4])([H:5])[H:6].[C:7](=[C:8]([O:9])[H:10])([H:11])[H:12]>>[C:1](=[C:2]=[O:3])([H:5])[H:6].[H:4][C:7]([C:8](=[O:9])[H:10])([H:11])[H:12],19.223973738417804,1.6444775008820474,4.193002889844066,4.503951541163377,40.058619813557016,59.28259355197482,32.0
[C:1](=[C:2]=[O:3])([H:5])[H:6].[H:4][C:7]([C:8](=[O:9])[H:10])([H:11])[H:12]>>[C:1](=[C:2]([O:3])[H:4])([H:5])[H:6].[C:7](=[C:8]([O:9])[H:10])([H:11])[H:12],31.69125562344957,2.7902339608933393,6.570089337325068,7.138030502663538,94.97482985400711,63.28357423055754,33.0
[C:1](=[C:2]([O:3])[H:4])([H:5])[H:6].[C:7](=[O:8])([H:9])[H:10]>>[C:1]([C:2](=[O:3])[H:4])([H:5])([H:6])[H:9].[C:7](=[O:8])[H:10],27.39958499714256,1.271682895897858,3.978588253188785,4.176881836505666,34.55778523691697,61.95737023405953,34.0
[C:1]([C:2](=[O:3])[H:4])([H:5])([H:6])[H:9].[C:7](=[O:8])[H:10]>>[C:1](=[C:2]([O:3])[H:4])([H:5])[H:6].[C:7](=[O:8])([H:9])[H:10],7.8566607985503225,2.6950176247261384,4.397537856853048,5.157660244727276,43.72918780319742,51.58584860174774,35.0
[C:1](=[C:2]([O:3])[H:6])([H:4])[H:5].[C:7]([C:8]([O:9])=[O:10])([H:11])([H:12])[H:13]>>[C:1](=[C:2]=[O:3])([H:4])[H:5].[H:6][O:9][C:8]([C:7]([H:11])([H:12])[H:13])=[O:10],60.37434662764552,0.9059771114212163,2.6840534287033315,2.8328320342994644,3.1659549442701973,63.54030157191572,36.0
[C:1](=[C:2]=[O:3])([H:4])[H:5].[H:6][O:9][C:8]([C:7]([H:11])([H:12])[H:13])=[O:10]>>[C:1](=[C:2]([O:3])[H:6])([H:4])[H:5].[C:7]([C:8]([O:9])=[O:10])([H:11])([H:12])[H:13],12.419820651312001,1.2372012270600452,4.246807783377117,4.423352034960743,72.19100430657272,59.77118365526072,37.0
[C:1](=[C:2]([O:3])[H:6])([H:4])[H:5].[C:7]([C:8]([O:9])([H:13])[H:14])([H:10])([H:11])[H:12]>>[C:1](=[C:2]([O:3][H:13])[H:6])([H:4])[H:5].[C:7]([C:8](=[O:9])[H:14])([H:10])([H:11])[H:12],0.8586008860226926,3.072452231673207,2.8277057358686024,4.175629586610606,59.465635555330664,60.32423644135336,38.0
[C:1](=[C:2]([O:3][H:13])[H:6])([H:4])[H:5].[C:7]([C:8](=[O:9])[H:14])([H:10])([H:11])[H:12]>>[C:1](=[C:2]([O:3])[H:6])([H:4])[H:5].[C:7]([C:8]([O:9])([H:13])[H:14])([H:10])([H:11])[H:12],57.514393403654935,1.610547476798405,5.541397687919469,5.77069766238892,120.42676851333817,62.91237510968324,39.0
[C:1]([C:2]([O:3])([H:4])[H:5])([H:6])([H:7])[H:8].[C:9](=[C:10]([O:11])[H:12])([H:13])[H:14]>>[C:1]([C:2](=[O:3])[H:5])([H:6])([H:7])[H:8].[H:4][C:9]([C:10](=[O:11])[H:12])([H:13])[H:14],4.020819723540569,3.113079590817754,3.045688073599663,4.355167089840901,44.51223159773508,48.53305132127565,40.0
[C:1]([C:2](=[O:3])[H:5])([H:6])([H:7])[H:8].[H:4][C:9]([C:10](=[O:11])[H:12])([H:13])[H:14]>>[C:1]([C:2]([O:3])([H:4])[H:5])([H:6])([H:7])[H:8].[C:9](=[C:10]([O:11])[H:12])([H:13])[H:14],53.27293174757804,2.0238613080763748,4.295316964004531,4.748237822139253,117.82941876072437,64.55648701314632,41.0
[C:1](=[C:2]([O:3])[H:6])([H:4])[H:5].[C:7]([O:8][C:9]([C:10]([H:15])([H:16])[H:17])[O:11][H:18])([H:12])([H:13])[H:14]>>[C:1](=[C:2]([O:3][H:18])[H:6])([H:4])[H:5].[C:7]([O:8][C:9]([C:10]([H:15])([H:16])[H:17])=[O:11])([H:12])([H:13])[H:14],17.607134885327817,1.7265545318439968,3.4118379200040696,3.8238238118156986,49.69962635461707,32.09249146928925,42.0
[C:1](=[C:2]([O:3][H:18])[H:6])([H:4])[H:5].[C:7]([O:8][C:9]([C:10]([H:15])([H:16])[H:17])=[O:11])([H:12])([H:13])[H:14]>>[C:1](=[C:2]([O:3])[H:6])([H:4])[H:5].[C:7]([O:8][C:9]([C:10]([H:15])([H:16])[H:17])[O:11][H:18])([H:12])([H:13])[H:14],62.9614234384264,1.2113345240022027,3.6523403532353598,3.8479762713549883,120.43658645253163,57.47516301410523,43.0
[C:1](=[C:2]([O:3])[H:4])([H:5])[H:6].[C:7]([O:8][C:9]([C:10]([H:11])([H:12])[H:13])[O:14][H:15])([H:16])([H:17])[H:18]>>[C:1]([C:2](=[O:3])[H:4])([H:5])([H:6])[H:15].[C:7]([O:8][C:9]([C:10]([H:11])([H:12])[H:13])=[O:14])([H:16])([H:17])[H:18],19.413156232125473,1.342418713252851,3.7015050481491985,3.9374138242208474,51.55749523907434,32.14433900694887,44.0
[C:1]([C:2](=[O:3])[H:4])([H:5])([H:6])[H:15].[C:7]([O:8][C:9]([C:10]([H:11])([H:12])[H:13])=[O:14])([H:16])([H:17])[H:18]>>[C:1](=[C:2]([O:3])[H:4])([H:5])[H:6].[C:7]([O:8][C:9]([C:10]([H:11])([H:12])[H:13])[O:14][H:15])([H:16])([H:17])[H:18],68.34048605871394,1.510345150451503,2.61695207619436,3.021519591627753,135.61950826185057,67.27902220313663,45.0
[C:1](=[C:2]([O:3])[H:6])([H:4])[H:5].[C:7]([C:8]=[O:9])([H:10])([H:11])[H:12]>>[C:1](=[C:2]([O:3][H:10])[H:6])([H:4])[H:5].[C:7](=[C:8]=[O:9])([H:11])[H:12],8.146988618765462,1.6725890544582966,3.961477262973688,4.300099562818424,59.147042097640224,51.00005347887476,46.0
[C:1](=[C:2]([O:3][H:10])[H:6])([H:4])[H:5].[C:7](=[C:8]=[O:9])([H:11])[H:12]>>[C:1](=[C:2]([O:3])[H:6])([H:4])[H:5].[C:7]([C:8]=[O:9])([H:10])([H:11])[H:12],37.645622452786256,1.7398406516274474,4.772470087352828,5.079716156217091,94.73397797162761,57.088355518841354,47.0
[C:1](=[C:2]([O:3])[H:6])([H:4])[H:5].[C:7]([C:8]=[O:9])([H:10])([H:11])[H:12]>>[C:1](=[C:2]=[O:3])([H:4])[H:5].[H:6][C:8]([C:7]([H:10])([H:11])[H:12])=[O:9],16.60195760363363,1.5210774557081097,3.9766103122839414,4.257593945179184,41.05522802166524,57.65718562529887,48.0
[C:1](=[C:2]=[O:3])([H:4])[H:5].[H:6][C:8]([C:7]([H:10])([H:11])[H:12])=[O:9]>>[C:1](=[C:2]([O:3])[H:6])([H:4])[H:5].[C:7]([C:8]=[O:9])([H:10])([H:11])[H:12],9.84845815914268,1.7430428026380504,7.7994721067693105,7.991868577254059,89.95001042762306,80.10155226848038,49.0
[C:1]([O:2])([H:3])([H:4])[H:5].[C:6](=[C:7]([O:8])[H:11])([H:9])[H:10]>>[C:1](=[O:2])([H:4])[H:5].[H:3][O:8][C:7](=[C:6]([H:9])[H:10])[H:11],8.052503575783966,3.026607516169849,3.6457553357749712,4.738342012272594,51.70237726729829,59.754880843082255,50.0
[C:1](=[O:2])([H:4])[H:5].[H:3][O:8][C:7](=[C:6]([H:9])[H:10])[H:11]>>[C:1]([O:2])([H:3])([H:4])[H:5].[C:6](=[C:7]([O:8])[H:11])([H:9])[H:10],55.92909528122963,1.6123447411900893,5.598103413536341,5.8256688365449145,107.51316767174285,51.58407239051322,51.0
[C:1]([O:2])([H:3])([H:4])[H:5].[C:6](=[C:7]([O:8])[H:9])([H:10])[H:11]>>[C:1](=[O:2])([H:4])[H:5].[H:3][C:6]([C:7](=[O:8])[H:9])([H:10])[H:11],10.464558400366421,2.664660056121107,5.009562427520548,5.674163280159719,38.89681807573652,49.36137647610294,52.0
[C:1](=[O:2])([H:4])[H:5].[H:3][C:6]([C:7](=[O:8])[H:9])([H:10])[H:11]>>[C:1]([O:2])([H:3])([H:4])[H:5].[C:6](=[C:7]([O:8])[H:9])([H:10])[H:11],47.92190072915015,1.9256376997997717,5.143658468971595,5.492294875215038,106.25868783850456,58.336787109354404,53.0
[C:5](=[C:6]([O:7])[H:10])([H:8])[H:9].[O:1]=[C:2][O:3][H:4]>>[H:4][O:7][C:6](=[C:5]([H:8])[H:9])[H:10].[O:1]=[C:2]=[O:3],3.9707165185640534,1.7602174855891457,2.7669793772336857,3.2794116043293937,39.070291023963364,35.09957450539931,54.0
[H:4][O:7][C:6](=[C:5]([H:8])[H:9])[H:10].[O:1]=[C:2]=[O:3]>>[C:5](=[C:6]([O:7])[H:10])([H:8])[H:9].[O:1]=[C:2][O:3][H:4],55.93993793331828,2.5484008092918624,4.960067011617168,5.5764335775235665,113.13722834634245,57.19729041302418,55.0
[C:1](=[C:2]([O:3])[H:4])([H:5])[H:6].[O:7]=[C:8][O:9][H:10]>>[C:1]([C:2](=[O:3])[H:4])([H:5])([H:6])[H:10].[O:7]=[C:8]=[O:9],12.624455961413673,1.0905966773258733,2.7661076041832358,2.973340274928949,53.28721207563649,40.662756114222816,56.0
[C:1]([C:2](=[O:3])[H:4])([H:5])([H:6])[H:10].[O:7]=[C:8]=[O:9]>>[C:1](=[C:2]([O:3])[H:4])([H:5])[H:6].[O:7]=[C:8][O:9][H:10],68.5232376593793,2.2975866172711896,3.8828307963102335,4.511682530568705,139.71299011737574,71.18975245799643,57.0
[C:1](=[C:2]([O:3])[H:6])([H:4])[H:5].[C:7]([C:8](=[O:9])[O:10][C:11]([H:14])([H:15])[H:16])([H:12])[H:13]>>[C:1](=[C:2]=[O:3])([H:4])[H:5].[H:6][C:7]([C:8](=[O:9])[O:10][C:11]([H:14])([H:15])[H:16])([H:12])[H:13],22.98308067392727,1.6749429683468713,4.325432266594503,4.638404708529808,40.27589250233723,63.2589731762645,58.0
[C:1](=[C:2]=[O:3])([H:4])[H:5].[H:6][C:7]([C:8](=[O:9])[O:10][C:11]([H:14])([H:15])[H:16])([H:12])[H:13]>>[C:1](=[C:2]([O:3])[H:6])([H:4])[H:5].[C:7]([C:8](=[O:9])[O:10][C:11]([H:14])([H:15])[H:16])([H:12])[H:13],18.579951352765008,1.4547968629105097,5.294628571273318,5.490858368240615,97.54786058468744,78.96790923192243,59.0
[C:1](=[C:2]([O:3])[H:6])([H:4])[H:5].[C:7]([C:8]([H:12])[H:13])([H:9])([H:10])[H:11]>>[C:1](=[C:2]([O:3][H:9])[H:6])([H:4])[H:5].[C:7](=[C:8]([H:12])[H:13])([H:10])[H:11],3.5088948829845776,2.0928541406360184,4.562541488468013,5.019643741140325,59.94181852717884,56.43292364419426,60.0
[C:1](=[C:2]([O:3][H:9])[H:6])([H:4])[H:5].[C:7](=[C:8]([H:12])[H:13])([H:10])[H:11]>>[C:1](=[C:2]([O:3])[H:6])([H:4])[H:5].[C:7]([C:8]([H:12])[H:13])([H:9])([H:10])[H:11],43.298475964789226,1.2381703994518118,4.912697265269154,5.066326120401418,95.73047055749339,52.431994592704164,61.0
[C:1]([C:2]([H:3])[H:4])([H:5])([H:6])[H:7].[C:8](=[C:9]([O:10])[H:11])([H:12])[H:13]>>[C:1](=[C:2]([H:3])[H:4])([H:6])[H:7].[H:5][C:8]([C:9](=[O:10])[H:11])([H:12])[H:13],2.4740624835138476,1.57921735428927,3.097927922051229,3.4772237291139385,48.78465378773399,46.31059130422014,62.0
[C:1](=[C:2]([H:3])[H:4])([H:6])[H:7].[H:5][C:8]([C:9](=[O:10])[H:11])([H:12])[H:13]>>[C:1]([C:2]([H:3])[H:4])([H:5])([H:6])[H:7].[C:8](=[C:9]([O:10])[H:11])([H:12])[H:13],37.77748341575091,2.060841620107707,4.440719270588041,4.895615979970258,97.80476352383266,60.027280108081754,63.0
[C:1](=[C:2]([O:3])[H:6])([H:4])[H:5].[C:7]([C:8]([H:12])[H:13])([H:9])([H:10])[H:11]>>[C:1](=[C:2]=[O:3])([H:4])[H:5].[H:6][C:8]([C:7]([H:9])([H:10])[H:11])([H:12])[H:13],24.328480711049224,1.7759762539068213,4.855433515430741,5.170041225871321,37.36542847487726,61.693909185926486,64.0
[C:1](=[C:2]=[O:3])([H:4])[H:5].[H:6][C:8]([C:7]([H:9])([H:10])[H:11])([H:12])[H:13]>>[C:1](=[C:2]([O:3])[H:6])([H:4])[H:5].[C:7]([C:8]([H:12])[H:13])([H:9])([H:10])[H:11],12.224328834490066,2.3547745759160974,6.5494964797051525,6.9599473734397606,91.84927116087056,79.62494232638049,65.0
[C:1]([O:2][H:5])([H:3])[H:4].[C:6](=[C:7]([O:8])[H:11])([H:9])[H:10]>>[C:1](=[O:2])([H:3])[H:4].[H:5][O:8][C:7](=[C:6]([H:9])[H:10])[H:11],15.717778494788874,2.508292365185721,3.1310289970502123,4.011841618212045,50.06330297124805,34.345524476459175,66.0
[C:1](=[O:2])([H:3])[H:4].[H:5][O:8][C:7](=[C:6]([H:9])[H:10])[H:11]>>[C:1]([O:2][H:5])([H:3])[H:4].[C:6](=[C:7]([O:8])[H:11])([H:9])[H:10],50.969320533308846,1.3890939297759446,3.7378205858176154,3.9875913378256707,96.12875289088697,45.159432357578126,67.0
[C:1]([O:2][H:3])([H:4])[H:5].[C:6](=[C:7]([O:8])[H:9])([H:10])[H:11]>>[C:1](=[O:2])([H:4])[H:5].[H:3][C:6]([C:7](=[O:8])[H:9])([H:10])[H:11],12.58833879823105,1.61519038785144,3.6954069240958636,4.032973136987567,45.500081822188804,32.911743023957754,68.0
[C:1](=[O:2])([H:4])[H:5].[H:3][C:6]([C:7](=[O:8])[H:9])([H:10])[H:11]>>[C:1]([O:2][H:3])([H:4])[H:5].[C:6](=[C:7]([O:8])[H:9])([H:10])[H:11],47.733424365072366,2.3463253896301204,2.6793497611580395,3.561482553184921,104.83026443139534,57.09684006632297,69.0
[C:1](=[C:2]([O:3])[H:6])([H:4])[H:5].[C:7]([O:8][C:9]([C:10]([H:14])([H:15])[H:16])=[O:11])([H:12])[H:13]>>[C:1](=[C:2]=[O:3])([H:4])[H:5].[H:6][C:7]([O:8][C:9]([C:10]([H:14])([H:15])[H:16])=[O:11])([H:12])[H:13],20.081709695767742,1.2064736402320901,3.756623627150377,3.9456051146356907,42.30131883290596,62.383028528673705,70.0
[C:1](=[C:2]=[O:3])([H:4])[H:5].[H:6][C:7]([O:8][C:9]([C:10]([H:14])([H:15])[H:16])=[O:11])([H:12])[H:13]>>[C:1](=[C:2]([O:3])[H:6])([H:4])[H:5].[C:7]([O:8][C:9]([C:10]([H:14])([H:15])[H:16])=[O:11])([H:12])[H:13],15.789709116949098,1.6686900247306724,6.254902250890214,6.473664230312468,98.37755454750732,82.58784543055822,71.0
[C:1]([H:2])([H:3])[H:4].[C:5](=[C:6]([O:7])[H:10])([H:8])[H:9]>>[C:1]([H:2])([H:3])([H:4])[H:10].[C:5](=[C:6]=[O:7])([H:8])[H:9],29.214928402618355,2.432879737839756,4.441101473404965,5.063821295807248,29.169191645400133,58.38412004801849,72.0
[C:1]([H:2])([H:3])([H:4])[H:10].[C:5](=[C:6]=[O:7])([H:8])[H:9]>>[C:1]([H:2])([H:3])[H:4].[C:5](=[C:6]([O:7])[H:10])([H:8])[H:9],18.21461110934706,3.456079073341903,8.341539307927393,9.029161676860683,91.45206265237357,73.23745154302651,73.0
[C:1](=[O:2])[H:3].[C:4](=[C:5]([O:6])[H:9])([H:7])[H:8]>>[C:1](=[O:2])([H:3])[H:9].[C:4](=[C:5]=[O:6])([H:7])[H:8],14.505543219112567,1.8458130673874487,3.3522622579229426,3.8268378755354777,40.96863687605946,55.47418009517203,74.0
[C:1](=[O:2])([H:3])[H:9].[C:4](=[C:5]=[O:6])([H:7])[H:8]>>[C:1](=[O:2])[H:3].[C:4](=[C:5]([O:6])[H:9])([H:7])[H:8],8.31525708688362,2.5709600750232693,7.499579648527882,7.928021859958336,86.38860878293053,78.07335169604691,75.0
[C:1](=[O:2])[H:3].[C:4](=[C:5]([O:6])[H:9])([H:7])[H:8]>>[C-:1]#[O+:2].[H:3][O:6][C:5](=[C:4]([H:7])[H:8])[H:9],8.979955584031188,2.543481202097905,3.4223662721278134,4.264022458433284,51.65201193172834,42.67205634769715,76.0
[C-:1]#[O+:2].[H:3][O:6][C:5](=[C:4]([H:7])[H:8])[H:9]>>[C:1](=[O:2])[H:3].[C:4](=[C:5]([O:6])[H:9])([H:7])[H:8],54.720311034486166,2.3005257275003457,4.806844647565816,5.328993721963194,108.97262573378976,54.25231469930359,77.0
[C:2](=[C:3]([O:4])[H:7])([H:5])[H:6].[H:1]>>[C:2](=[C:3]=[O:4])([H:5])[H:6].[H:1][H:7],49.2847874923262,1.8148646860800741,6.471005621092022,6.7206880285418,19.300810760250897,68.5855982525771,78.0
[C:2](=[C:3]=[O:4])([H:5])[H:6].[H:1][H:7]>>[C:2](=[C:3]([O:4])[H:7])([H:5])[H:6].[H:1],16.486583723250646,1.4474067689404129,7.799414278192342,7.932581511566402,88.68278057844145,72.1961968551908,79.0
[C:2](=[C:3]([O:4])[H:7])([H:5])[H:6].[H:1]>>[H:1][O:4][C:3](=[C:2]([H:5])[H:6])[H:7],53.38170040805571,3.3602492363569763,9.130345128343802,9.72905324752152,20.60874574171612,73.99044614977183,80.0
[H:1][O:4][C:3](=[C:2]([H:5])[H:6])[H:7]>>[C:2](=[C:3]([O:4])[H:7])([H:5])[H:6].[H:1],36.5199303113512,1.753140656895946,5.599666755960336,5.867688636990626,82.66088543905062,46.140955127699414,81.0
[C:1](=[C:2]([O:3])[H:4])([H:5])[H:6].[H:7]>>[C:1]([C:2](=[O:3])[H:4])([H:5])([H:6])[H:7],31.97131537196001,2.9414585207656043,6.9829464768142415,7.577184155571053,18.89223243885499,50.863547810815,82.0
[C:1]([C:2](=[O:3])[H:4])([H:5])([H:6])[H:7]>>[C:1](=[C:2]([O:3])[H:4])([H:5])[H:6].[H:7],44.99501185102055,2.13105465316511,4.920201069424826,5.3618814327012,95.08870317084074,50.093691319820195,83.0
[C:5](=[C:6]([O:7])[H:10])([H:8])[H:9].[O:1][C:2](=[O:3])[H:4]>>[H:4][O:7][C:6](=[C:5]([H:8])[H:9])[H:10].[O:1]=[C:2]=[O:3],25.670155778438243,1.962255193816951,3.895092202304064,4.36144342048725,33.45402091840515,59.12417669684339,84.0
[H:4][O:7][C:6](=[C:5]([H:8])[H:9])[H:10].[O:1]=[C:2]=[O:3]>>[C:5](=[C:6]([O:7])[H:10])([H:8])[H:9].[O:1][C:2](=[O:3])[H:4],50.642560333261926,1.7824931407214097,4.873130646872818,5.1889000855875,118.84416383941425,68.20160350615232,85.0
[C:1](=[C:2]([O:3])[H:4])([H:5])[H:6].[O:7][C:8](=[O:9])[H:10]>>[C:1]([C:2](=[O:3])[H:4])([H:5])([H:6])[H:10].[O:7]=[C:8]=[O:9],11.421199917818683,1.228677124991294,3.6350921069588065,3.8371268031628936,40.998391503992025,52.41959142181071,86.0
[C:1]([C:2](=[O:3])[H:4])([H:5])([H:6])[H:10].[O:7]=[C:8]=[O:9]>>[C:1](=[C:2]([O:3])[H:4])([H:5])[H:6].[O:7][C:8](=[O:9])[H:10],70.76228575774209,3.6179168775809596,5.949955369199187,6.963568871530416,140.4066142104275,69.64432845268541,87.0
[C:1](=[C:2]([O:3])[H:4])([H:5])[H:6]>>[C:1]([C:2]=[O:3])([H:4])([H:5])[H:6],14.856172809851238,1.2113421255890624,4.150936169130389,4.324074562888746,40.57900041231187,55.43517322216311,88.0
[C:1]([C:2]=[O:3])([H:4])([H:5])[H:6]>>[C:1](=[C:2]([O:3])[H:4])([H:5])[H:6],2.736713209132546,1.6514410875252912,4.266905113111231,4.575340086798083,47.59303260080924,50.329745809941784,89.0
[C:1](=[O:2])([H:3])[H:4].[C:5]([C:6]=[O:7])([H:8])([H:9])[H:10]>>[C:1](=[O:2])[H:4].[H:3][C:6]([C:5]([H:8])([H:9])[H:10])=[O:7],37.16153308266357,2.777593527592139,6.072545159525482,6.677636596805647,35.36533803542261,72.52687111808618,90.0
[C:1](=[O:2])[H:4].[H:3][C:6]([C:5]([H:8])([H:9])[H:10])=[O:7]>>[C:1](=[O:2])([H:3])[H:4].[C:5]([C:6]=[O:7])([H:8])([H:9])[H:10],31.631821915973475,1.3489739050865244,5.887859474889173,6.040415531455316,38.28318128999672,69.9150032059702,91.0
[C:1](=[O:2])([H:3])[H:4].[C:5]([C:6]=[O:7])([H:8])([H:9])[H:10]>>[C:1]([O:2][C:6]([C:5]([H:8])([H:9])[H:10])=[O:7])([H:3])[H:4],40.60075198721151,1.8616830968037856,9.843281795414708,10.017787203612757,35.51274642185308,76.11349840906459,92.0
[C:1]([O:2][C:6]([C:5]([H:8])([H:9])[H:10])=[O:7])([H:3])[H:4]>>[C:1](=[O:2])([H:3])[H:4].[C:5]([C:6]=[O:7])([H:8])([H:9])[H:10],19.160084996146516,2.9612747440165785,5.4151665664253334,6.171967032614577,31.44889283773955,50.608977833886065,93.0
[C:1](=[O:2])([H:3])[H:4].[C:5]([C:6](=[O:7])[O:8][C:9]([H:12])([H:13])[H:14])([H:10])[H:11]>>[C:1](=[O:2])[H:4].[H:3][C:5]([C:6](=[O:7])[O:8][C:9]([H:12])([H:13])[H:14])([H:10])[H:11],37.745853859355364,1.697605476261686,4.390905906792297,4.707644743960312,36.09857554791961,73.84442940727497,94.0
[C:1](=[O:2])[H:4].[H:3][C:5]([C:6](=[O:7])[O:8][C:9]([H:12])([H:13])[H:14])([H:10])[H:11]>>[C:1](=[O:2])([H:3])[H:4].[C:5]([C:6](=[O:7])[O:8][C:9]([H:12])([H:13])[H:14])([H:10])[H:11],20.96815958727892,1.3996668851997807,4.858903290603605,5.056481837895138,48.669884201022796,69.63804378830172,95.0
[C:1](=[O:2])([H:3])[H:4].[C:5]([O:6][C:7]([C:8]([H:12])([H:13])[H:14])=[O:9])([H:10])[H:11]>>[C:1](=[O:2])[H:4].[H:3][C:5]([O:6][C:7]([C:8]([H:12])([H:13])[H:14])=[O:9])([H:10])[H:11],32.4093271716246,0.9454669546913375,4.7574373001842885,4.850476000105359,40.20557853206992,72.61490570369452,96.0
[C:1](=[O:2])[H:4].[H:3][C:5]([O:6][C:7]([C:8]([H:12])([H:13])[H:14])=[O:9])([H:10])[H:11]>>[C:1](=[O:2])([H:3])[H:4].[C:5]([O:6][C:7]([C:8]([H:12])([H:13])[H:14])=[O:9])([H:10])[H:11],23.41968728455025,1.7369855982784204,4.679854210440333,4.991808730270297,50.84637658792781,74.26606387247806,97.0
[C:1](=[O:2])([H:3])[H:4].[C:5]([H:6])([H:7])[H:8]>>[C:1]([O:2])([H:3])([H:4])[C:5]([H:6])([H:7])[H:8],42.74154956306502,1.103638049573308,8.230047715420698,8.303716176662556,26.674624113249592,69.41617367631461,98.0
[C:1]([O:2])([H:3])([H:4])[C:5]([H:6])([H:7])[H:8]>>[C:1](=[O:2])([H:3])[H:4].[C:5]([H:6])([H:7])[H:8],37.00100170081456,3.378848508855828,7.801434179494328,8.501705270284285,19.7641450749652,56.76514677577976,99.0
[C:1](=[O:2])([H:3])[H:4].[C:5]([H:6])([H:7])[H:8]>>[C:1]([O:2][C:5]([H:6])([H:7])[H:8])([H:3])[H:4],51.6359500894481,4.791874374095745,8.256649193093445,9.546429485149206,37.769310356641654,89.40526044608976,100.0
[C:1]([O:2][C:5]([H:6])([H:7])[H:8])([H:3])[H:4]>>[C:1](=[O:2])([H:3])[H:4].[C:5]([H:6])([H:7])[H:8],21.94027465505527,4.433820751571985,5.486417205552712,7.054044245002663,24.379867825220572,46.32014248027584,101.0
[C:2](=[O:3])([H:4])[H:5].[H:1]>>[H:1][C:2]([O:3])([H:4])[H:5],34.20538568499487,3.3096126105808534,8.233371775804471,8.873665895825102,20.19653235420992,54.401918039204794,102.0
[H:1][C:2]([O:3])([H:4])[H:5]>>[C:2](=[O:3])([H:4])[H:5].[H:1],18.367546965752226,5.55739850304059,8.524148379419676,10.175744872782577,26.679135809696163,45.04668277544839,103.0
[C:2](=[O:3])([H:4])[H:5].[H:1]>>[H:1][O:3][C:2]([H:4])[H:5],44.163542358997546,3.938055370674464,7.966854479246638,8.887015831874622,27.090810984082054,71.2543533430796,104.0
[H:1][O:3][C:2]([H:4])[H:5]>>[C:2](=[O:3])([H:4])[H:5].[H:1],13.846376685710386,3.9879166897420797,10.319388675545444,11.06314883572028,43.39719038931071,29.550813703600323,105.0
[C:1]([H:2])([H:3])[H:4].[C:5]([C:6](=[O:7])[O:8][H:12])([H:9])([H:10])[H:11]>>[C:1]([H:2])([H:3])([H:4])[H:12].[C:5]([C:6](=[O:7])[O:8])([H:9])([H:10])[H:11],14.467826180543582,1.4952477918646598,3.6274757567091256,3.9235629629953164,32.92687136356835,47.394697544111935,106.0
[C:1]([H:2])([H:3])([H:4])[H:12].[C:5]([C:6](=[O:7])[O:8])([H:9])([H:10])[H:11]>>[C:1]([H:2])([H:3])[H:4].[C:5]([C:6](=[O:7])[O:8][H:12])([H:9])([H:10])[H:11],42.147840615294385,2.1332153678075594,3.9768614042002257,4.512874298456332,28.019105984538328,70.16694659983271,107.0
[C:1]([H:2])([H:3])[H:4].[C:5]([C:6](=[O:7])[O:8][H:12])([H:9])([H:10])[H:11]>>[C:1]([H:2])([H:3])([H:4])[O:7][C:6]([C:5]([H:9])([H:10])[H:11])[O:8][H:12],35.08855653452551,3.5822086459280746,6.091934945508943,7.067099133539511,51.78274787589908,86.87130441042459,108.0
[C:1]([H:2])([H:3])([H:4])[O:7][C:6]([C:5]([H:9])([H:10])[H:11])[O:8][H:12]>>[C:1]([H:2])([H:3])[H:4].[C:5]([C:6](=[O:7])[O:8][H:12])([H:9])([H:10])[H:11],28.134415793639924,4.162007344246692,6.633801785824809,7.831323723814246,11.725035754789133,39.85945154842906,109.0
[C:2]([C:3](=[O:4])[O:5][H:9])([H:6])([H:7])[H:8].[H:1]>>[C:2]([C:3](=[O:4])[O:5])([H:6])([H:7])[H:8].[H:1][H:9],35.915117375304284,0.9587985589828986,4.991308203042566,5.082563551444063,27.489497206290253,63.40461458159454,110.0
[C:2]([C:3](=[O:4])[O:5])([H:6])([H:7])[H:8].[H:1][H:9]>>[C:2]([C:3](=[O:4])[O:5][H:9])([H:6])([H:7])[H:8].[H:1],44.660327626640125,2.495998772027445,6.874220448525701,7.313338269551834,28.652410250651883,73.31273787729201,111.0
[C:1]([C:2]([O:3])=[O:4])([H:5])([H:6])[H:7].[C:8]([O:9][C:10]([C:11]([H:16])([H:17])[H:18])=[O:12])([H:13])([H:14])[H:15]>>[C:1]([C:2]([O:3][H:16])=[O:4])([H:5])([H:6])[H:7].[C:8]([O:9][C:10]([C:11]([H:17])[H:18])=[O:12])([H:13])([H:14])[H:15],31.76403620836649,1.4076130489027474,3.403473024674765,3.6830697963967616,40.66544308682205,72.42947929518854,112.0
[C:1]([C:2]([O:3][H:16])=[O:4])([H:5])([H:6])[H:7].[C:8]([O:9][C:10]([C:11]([H:17])[H:18])=[O:12])([H:13])([H:14])[H:15]>>[C:1]([C:2]([O:3])=[O:4])([H:5])([H:6])[H:7].[C:8]([O:9][C:10]([C:11]([H:16])([H:17])[H:18])=[O:12])([H:13])([H:14])[H:15],5.543550964129679,1.3871963858523402,3.4765261576706785,3.7430666488709825,49.092849173466675,54.636400137596354,113.0
[C:1]([C:2]([O:3])=[O:4])([H:5])([H:6])[H:7].[C:8]([O:9][C:10]([C:11]([H:16])([H:17])[H:18])=[O:12])([H:13])([H:14])[H:15]>>[C:1]([C:2]([O:3][H:13])=[O:4])([H:5])([H:6])[H:7].[C:8]([O:9][C:10]([C:11]([H:16])([H:17])[H:18])=[O:12])([H:14])[H:15],16.54162126211172,1.7566003229387261,3.2455668352061657,3.6904401873406107,62.04146040324122,78.58308166535294,114.0
[C:1]([C:2]([O:3][H:13])=[O:4])([H:5])([H:6])[H:7].[C:8]([O:9][C:10]([C:11]([H:16])([H:17])[H:18])=[O:12])([H:14])[H:15]>>[C:1]([C:2]([O:3])=[O:4])([H:5])([H:6])[H:7].[C:8]([O:9][C:10]([C:11]([H:16])([H:17])[H:18])=[O:12])([H:13])([H:14])[H:15],6.528057660236435,1.5110276222418033,2.8703489639501742,3.2437798399440667,49.32530486927135,55.853362529507784,115.0
[C:1]([C:2]([O:3])=[O:4])([H:5])([H:6])[H:7].[C:8]([O:9][C:10]([C:11]([H:16])([H:17])[H:18])[O:12][H:19])([H:13])([H:14])[H:15]>>[C:1]([C:2]([O:3][H:19])=[O:4])([H:5])([H:6])[H:7].[C:8]([O:9][C:10]([C:11]([H:16])([H:17])[H:18])=[O:12])([H:13])([H:14])[H:15],8.359609183933607,1.0393289480213037,3.158478057480749,3.3250847059559905,42.93937021942111,34.5797610354875,116.0
[C:1]([C:2]([O:3][H:19])=[O:4])([H:5])([H:6])[H:7].[C:8]([O:9][C:10]([C:11]([H:16])([H:17])[H:18])=[O:12])([H:13])([H:14])[H:15]>>[C:1]([C:2]([O:3])=[O:4])([H:5])([H:6])[H:7].[C:8]([O:9][C:10]([C:11]([H:16])([H:17])[H:18])[O:12][H:19])([H:13])([H:14])[H:15],82.13908129334219,1.1521475652404016,3.1114702339684315,3.3179347535720094,139.93529940128792,57.796218107945734,117.0
[C:1]([C:2]=[O:3])([H:4])([H:5])[H:6].[C:7]([C:8]([O:9])=[O:10])([H:11])([H:12])[H:13]>>[C:1](=[C:2]=[O:3])([H:5])[H:6].[H:4][O:9][C:8]([C:7]([H:11])([H:12])[H:13])=[O:10],17.01610452823983,1.280239997547353,4.398899547037236,4.581411537533433,37.277342185523594,54.29344671376342,118.0
[C:1](=[C:2]=[O:3])([H:5])[H:6].[H:4][O:9][C:8]([C:7]([H:11])([H:12])[H:13])=[O:10]>>[C:1]([C:2]=[O:3])([H:4])([H:5])[H:6].[C:7]([C:8]([O:9])=[O:10])([H:11])([H:12])[H:13],40.06835776998521,1.5596966686958258,3.389600605628888,3.7312257991202546,99.50848078695708,59.44012301697187,119.0
[C:1]([O:2])([H:3])([H:4])[H:5].[C:6]([C:7]([O:8])=[O:9])([H:10])([H:11])[H:12]>>[C:1](=[O:2])([H:4])[H:5].[H:3][O:8][C:7]([C:6]([H:10])([H:11])[H:12])=[O:9],33.75595870321108,2.2886682556762654,3.013262867227023,3.7838810091689536,28.67662929475773,62.43258799796881,120.0
[C:1](=[O:2])([H:4])[H:5].[H:3][O:8][C:7]([C:6]([H:10])([H:11])[H:12])=[O:9]>>[C:1]([O:2])([H:3])([H:4])[H:5].[C:6]([C:7]([O:8])=[O:9])([H:10])([H:11])[H:12],54.91291108177912,1.1928966035102517,4.156702779632614,4.324486131885706,109.61083416113979,54.69792307936067,121.0
[C:5]([C:6]([O:7])=[O:8])([H:9])([H:10])[H:11].[O:1]=[C:2][O:3][H:4]>>[H:4][O:7][C:6]([C:5]([H:9])([H:10])[H:11])=[O:8].[O:1]=[C:2]=[O:3],38.10338386074318,1.2434143365384525,2.8890416958875913,3.145256926371264,77.59923382929992,39.49584996855674,122.0
[H:4][O:7][C:6]([C:5]([H:9])([H:10])[H:11])=[O:8].[O:1]=[C:2]=[O:3]>>[C:5]([C:6]([O:7])=[O:8])([H:9])([H:10])[H:11].[O:1]=[C:2][O:3][H:4],93.04772816153275,1.8163730320529512,4.373303980823417,4.73550405978658,151.88175365517964,58.83402549364689,123.0
[C:1]([C:2]([O:3])=[O:4])([H:5])([H:6])[H:7].[C:8]([C:9]([H:13])[H:14])([H:10])([H:11])[H:12]>>[C:1]([C:2]([O:3][H:10])=[O:4])([H:5])([H:6])[H:7].[C:8](=[C:9]([H:13])[H:14])([H:11])[H:12],0.4531955965411285,1.3385821426828193,4.621541364627212,4.811491113747346,59.28370763419662,58.83051203765549,124.0
[C:1]([C:2]([O:3][H:10])=[O:4])([H:5])([H:6])[H:7].[C:8](=[C:9]([H:13])[H:14])([H:11])[H:12]>>[C:1]([C:2]([O:3])=[O:4])([H:5])([H:6])[H:7].[C:8]([C:9]([H:13])[H:14])([H:10])([H:11])[H:12],40.88553851116469,0.9502628861324616,3.4972909445328666,3.6240920936797933,96.08691902688588,55.20138051572119,125.0
[C:1]([O:2][H:5])([H:3])[H:4].[C:6]([C:7]([O:8])=[O:9])([H:10])([H:11])[H:12]>>[C:1](=[O:2])([H:3])[H:4].[H:5][O:8][C:7]([C:6]([H:10])([H:11])[H:12])=[O:9],22.778227250459338,1.5008473334656698,3.2908760548563465,3.6169611453259884,61.34512122650631,38.56689397604697,126.0
[C:1](=[O:2])([H:3])[H:4].[H:5][O:8][C:7]([C:6]([H:10])([H:11])[H:12])=[O:9]>>[C:1]([O:2][H:5])([H:3])[H:4].[C:6]([C:7]([O:8])=[O:9])([H:10])([H:11])[H:12],59.647113958311294,1.2484495159520421,2.8342877837121856,3.0970652939163266,107.43789255811134,47.79077859980005,127.0
[C:1]([H:2])([H:3])[H:4].[C:5]([C:6]([O:7])=[O:8])([H:9])([H:10])[H:11]>>[C:1]([H:2])([H:3])([H:4])[O:7][C:6]([C:5]([H:9])([H:10])[H:11])=[O:8],78.29164362731761,3.6557107657202588,7.036372590314846,7.92936065722433,0.18424316166783683,78.47588678898545,128.0
[C:1]([H:2])([H:3])([H:4])[O:7][C:6]([C:5]([H:9])([H:10])[H:11])=[O:8]>>[C:1]([H:2])([H:3])[H:4].[C:5]([C:6]([O:7])=[O:8])([H:9])([H:10])[H:11],3.9651922726380135,2.0839462303699605,4.822396297263797,5.253412028285688,57.537660820031306,61.50285309266932,129.0
[C:2]([C:3]([O:4])=[O:5])([H:6])([H:7])[H:8].[H:1]>>[H:1][O:4][C:3]([C:2]([H:6])([H:7])[H:8])=[O:5],101.24767781196591,1.7676498417243407,8.066652195978577,8.258054469052265,-26.63228500945843,74.61539280250749,130.0
[H:1][O:4][C:3]([C:2]([H:6])([H:7])[H:8])=[O:5]>>[C:2]([C:3]([O:4])=[O:5])([H:6])([H:7])[H:8].[H:1],13.382762984329759,1.3305625006110662,3.807256938187746,4.033063595011998,37.77030758780893,51.15307057213869,131.0
[C:5]([C:6]([O:7])=[O:8])([H:9])([H:10])[H:11].[O:1][C:2](=[O:3])[H:4]>>[H:4][O:7][C:6]([C:5]([H:9])([H:10])[H:11])=[O:8].[O:1]=[C:2]=[O:3],4.499365235724682,1.6216378705115417,3.285762868123878,3.6641434208582586,56.46535116026644,60.96471639599112,132.0
[H:4][O:7][C:6]([C:5]([H:9])([H:10])[H:11])=[O:8].[O:1]=[C:2]=[O:3]>>[C:5]([C:6]([O:7])=[O:8])([H:9])([H:10])[H:11].[O:1][C:2](=[O:3])[H:4],74.57070106414687,0.75958393262995,3.467529431968953,3.5497504295767768,143.25283901946386,68.68213795531699,133.0
[C:1]([C:2]([O:3])=[O:4])([H:5])([H:6])[H:7].[C:8]([C:9]([H:13])([H:14])[H:15])([H:10])([H:11])[H:12]>>[C:1]([C:2]([O:3][H:10])=[O:4])([H:5])([H:6])[H:7].[C:8]([C:9]([H:13])([H:14])[H:15])([H:11])[H:12],46.00139860143213,0.9577241704445478,3.1370457109510967,3.2799834419171034,28.20927188685164,74.21067048828377,134.0
[C:1]([C:2]([O:3][H:10])=[O:4])([H:5])([H:6])[H:7].[C:8]([C:9]([H:13])([H:14])[H:15])([H:11])[H:12]>>[C:1]([C:2]([O:3])=[O:4])([H:5])([H:6])[H:7].[C:8]([C:9]([H:13])([H:14])[H:15])([H:10])([H:11])[H:12],11.086437979809446,1.0546866295349786,3.507973610412843,3.6630919641571618,41.07237731255009,52.158815292359535,135.0
[C:4]([C:5]([H:9])([H:10])[H:11])([H:6])([H:7])[H:8].[O:1]=[C:2]=[O:3]>>[O:1]([C:2](=[O:3])[C:5]([H:9])([H:10])[H:11])[C:4]([H:6])([H:7])[H:8],46.19040711303097,2.045172734973699,6.1575210178795885,6.488281482912766,101.71325990240439,147.90366701543536,136.0
[O:1]([C:2](=[O:3])[C:5]([H:9])([H:10])[H:11])[C:4]([H:6])([H:7])[H:8]>>[C:4]([C:5]([H:9])([H:10])[H:11])([H:6])([H:7])[H:8].[O:1]=[C:2]=[O:3],31.917976434636913,1.5295536673461796,4.326072811278206,4.588511783767442,63.80969472086872,95.72767115550563,137.0
[C:1]([C:2]([H:6])([H:7])[H:8])([H:3])([H:4])[H:5].[C:9]([C:10](=[O:11])[O:12][C:13]([H:16])([H:17])[H:18])([H:14])[H:15]>>[C:1]([C:2]([H:6])([H:7])[H:8])([H:4])[H:5].[H:3][C:9]([C:10](=[O:11])[O:12][C:13]([H:16])([H:17])[H:18])([H:14])[H:15],31.84470279082626,0.9198151576909435,3.812044682353123,3.921446746364757,41.85083069061511,73.69553348144137,138.0
[C:1]([C:2]([H:6])([H:7])[H:8])([H:4])[H:5].[H:3][C:9]([C:10](=[O:11])[O:12][C:13]([H:16])([H:17])[H:18])([H:14])[H:15]>>[C:1]([C:2]([H:6])([H:7])[H:8])([H:3])([H:4])[H:5].[C:9]([C:10](=[O:11])[O:12][C:13]([H:16])([H:17])[H:18])([H:14])[H:15],29.950311238003195,1.3019937816548748,2.386419242277938,2.718489398063264,45.96294657641556,75.91325781441876,139.0
[C:1]([C:2]([H:6])([H:7])[H:8])([H:3])([H:4])[H:5].[C:9]([O:10][C:11]([C:12]([H:16])([H:17])[H:18])=[O:13])([H:14])[H:15]>>[C:1]([C:2]([H:6])([H:7])[H:8])([H:4])[H:5].[H:3][C:9]([O:10][C:11]([C:12]([H:16])([H:17])[H:18])=[O:13])([H:14])[H:15],28.413280290773713,1.7123844847679528,3.980826282154975,4.3335018763547115,45.229159330105176,73.64243962087889,140.0
[C:1]([C:2]([H:6])([H:7])[H:8])([H:4])[H:5].[H:3][C:9]([O:10][C:11]([C:12]([H:16])([H:17])[H:18])=[O:13])([H:14])[H:15]>>[C:1]([C:2]([H:6])([H:7])[H:8])([H:3])([H:4])[H:5].[C:9]([O:10][C:11]([C:12]([H:16])([H:17])[H:18])=[O:13])([H:14])[H:15],32.63786741741929,0.9631183378512502,3.0600569575747496,3.208043876929832,49.378773793258006,82.01664121067729,141.0
[C:1]([H:2])([H:3])[H:4].[C:5]([C:6]([H:10])([H:11])[H:12])([H:7])([H:8])[H:9]>>[C:1]([H:2])([H:3])([H:4])[H:7].[C:5]([C:6]([H:10])([H:11])[H:12])([H:8])[H:9],42.32099594066423,2.6646010613683693,4.773142607175125,5.466533560189308,28.495385021160473,70.8163809618247,142.0
[C:1]([H:2])([H:3])([H:4])[H:7].[C:5]([C:6]([H:10])([H:11])[H:12])([H:8])[H:9]>>[C:1]([H:2])([H:3])[H:4].[C:5]([C:6]([H:10])([H:11])[H:12])([H:7])([H:8])[H:9],39.52308353526777,3.7819620800599187,5.166449100114812,6.402767642128543,36.88292438033386,76.40600791560163,143.0
[C:1](=[O:2])[H:3].[C:4]([C:5]([H:9])([H:10])[H:11])([H:6])([H:7])[H:8]>>[C:1](=[O:2])([H:3])[H:6].[C:4]([C:5]([H:9])([H:10])[H:11])([H:7])[H:8],24.62496714064919,2.8108829120178234,4.867527253933683,5.6208437367410395,41.458588490233524,66.08355563088271,144.0
[C:1](=[O:2])([H:3])[H:6].[C:4]([C:5]([H:9])([H:10])[H:11])([H:7])[H:8]>>[C:1](=[O:2])[H:3].[C:4]([C:5]([H:9])([H:10])[H:11])([H:6])([H:7])[H:8],37.227295973562306,2.8926706975916843,4.225811948456283,5.121038018646361,32.974077612918336,70.20137358648064,145.0
[C:2]([C:3]([H:7])([H:8])[H:9])([H:4])([H:5])[H:6].[H:1]>>[C:2]([C:3]([H:7])([H:8])[H:9])([H:5])[H:6].[H:1][H:4],68.49395168950507,4.084800917802925,7.4915491768813,8.532813580977525,19.278997167173657,87.77294885667872,146.0
[C:2]([C:3]([H:7])([H:8])[H:9])([H:5])[H:6].[H:1][H:4]>>[C:2]([C:3]([H:7])([H:8])[H:9])([H:4])([H:5])[H:6].[H:1],31.443304577713903,1.9765845565580298,8.43546169924701,8.663942554558345,33.65671569150436,65.10002026921826,147.0
[C:1]([C:2](=[O:3])[H:7])([H:4])([H:5])[H:6].[C:8]([C:9](=[O:10])[O:11][C:12]([H:15])([H:16])[H:17])([H:13])[H:14]>>[C:1]([C:2]=[O:3])([H:4])([H:5])[H:6].[H:7][C:8]([C:9](=[O:10])[O:11][C:12]([H:15])([H:16])[H:17])([H:13])[H:14],33.60161933428877,1.560107291117788,3.2247150186648708,3.582278843334458,39.815635767707136,73.4172551019959,148.0
[C:1]([C:2]=[O:3])([H:4])([H:5])[H:6].[H:7][C:8]([C:9](=[O:10])[O:11][C:12]([H:15])([H:16])[H:17])([H:13])[H:14]>>[C:1]([C:2](=[O:3])[H:7])([H:4])([H:5])[H:6].[C:8]([C:9](=[O:10])[O:11][C:12]([H:15])([H:16])[H:17])([H:13])[H:14],22.125113834096325,1.4520071758787272,4.387510134813616,4.62153329771576,48.92431161348941,71.04942544758573,149.0
[C:1]([C:2](=[O:3])[H:4])([H:5])([H:6])[H:7].[C:8]([C:9]([H:10])([H:11])[H:12])([H:13])[H:14]>>[C:1](=[C:2]([O:3])[H:4])([H:6])[H:7].[H:5][C:8]([C:9]([H:10])([H:11])[H:12])([H:13])[H:14],17.472894821668888,1.5003434637312008,4.040798934548115,4.310346452271107,41.15080855821725,58.62370337988614,150.0
[C:1](=[C:2]([O:3])[H:4])([H:6])[H:7].[H:5][C:8]([C:9]([H:10])([H:11])[H:12])([H:13])[H:14]>>[C:1]([C:2](=[O:3])[H:4])([H:5])([H:6])[H:7].[C:8]([C:9]([H:10])([H:11])[H:12])([H:13])[H:14],25.54544536330404,2.163144945121983,2.885261480739404,3.6060962086230206,39.889442836720264,65.4348882000243,151.0
[C:1]([C:2](=[O:3])[H:7])([H:4])([H:5])[H:6].[C:8]([O:9][C:10]([C:11]([H:15])([H:16])[H:17])=[O:12])([H:13])[H:14]>>[C:1]([C:2]=[O:3])([H:4])([H:5])[H:6].[H:7][C:8]([O:9][C:10]([C:11]([H:15])([H:16])[H:17])=[O:12])([H:13])[H:14],30.094223047888747,0.48345356284669494,3.892705239595049,3.922611557342877,43.08397990441881,73.17820295230756,152.0
[C:1]([C:2]=[O:3])([H:4])([H:5])[H:6].[H:7][C:8]([O:9][C:10]([C:11]([H:15])([H:16])[H:17])=[O:12])([H:13])[H:14]>>[C:1]([C:2](=[O:3])[H:7])([H:4])([H:5])[H:6].[C:8]([O:9][C:10]([C:11]([H:15])([H:16])[H:17])=[O:12])([H:13])[H:14],25.634798716789348,2.377718256131746,4.4687553297830025,5.061948073914448,50.406140397361014,76.04093911415036,153.0
[C:1]([H:2])([H:3])[H:4].[C:5]([C:6](=[O:7])[H:8])([H:9])([H:10])[H:11]>>[C:1]([H:2])([H:3])([H:4])[H:9].[C:5](=[C:6]([O:7])[H:8])([H:10])[H:11],23.81185244721528,1.3175086625844084,4.241093285906896,4.441024806927958,32.33981866262911,56.15167110984439,154.0
[C:1]([H:2])([H:3])([H:4])[H:9].[C:5](=[C:6]([O:7])[H:8])([H:10])[H:11]>>[C:1]([H:2])([H:3])[H:4].[C:5]([C:6](=[O:7])[H:8])([H:9])([H:10])[H:11],22.396237595960812,2.8729024436329245,4.3037164859714245,5.174509062921261,39.760750861125416,62.15698845708623,155.0
[C:1]([H:2])([H:3])[H:4].[C:5]([C:6](=[O:7])[H:11])([H:8])([H:9])[H:10]>>[C:1]([H:2])([H:3])([H:4])[H:11].[C:5]([C:6]=[O:7])([H:8])([H:9])[H:10],43.5070111793526,1.9022832532028646,3.5986128938344377,4.070466353513752,26.685329254512908,70.19234043386551,156.0
[C:1]([H:2])([H:3])([H:4])[H:11].[C:5]([C:6]=[O:7])([H:8])([H:9])[H:10]>>[C:1]([H:2])([H:3])[H:4].[C:5]([C:6](=[O:7])[H:11])([H:8])([H:9])[H:10],26.491760472835537,4.249734744522117,6.118148136624491,7.4492940618880255,41.54448054199747,68.03624101483301,157.0
[C:1]([H:2])([H:3])[H:4].[C:5]([C:6](=[O:7])[H:11])([H:8])([H:9])[H:10]>>[C:1]([H:2])([H:3])([H:4])[O:7][C:6]([C:5]([H:8])([H:9])[H:10])[H:11],50.92829769664024,3.7261278923916232,7.213126890818217,8.118696238528926,43.3798488030443,94.30814649968454,158.0
[C:1]([H:2])([H:3])([H:4])[O:7][C:6]([C:5]([H:8])([H:9])[H:10])[H:11]>>[C:1]([H:2])([H:3])[H:4].[C:5]([C:6](=[O:7])[H:11])([H:8])([H:9])[H:10],26.483618923888073,4.483048306264365,5.897316598758145,7.407838090987689,19.802166569817928,46.285785493706,159.0
[C:1]([C:2](=[O:3])[H:4])([H:5])([H:6])[H:7].[H:8]>>[C:1](=[C:2]([O:3])[H:4])([H:6])[H:7].[H:5][H:8],44.02581217428579,2.695423029539607,6.09805050523205,6.667197707622996,23.636267327383393,67.66207950166918,160.0
[C:1](=[C:2]([O:3])[H:4])([H:6])[H:7].[H:5][H:8]>>[C:1]([C:2](=[O:3])[H:4])([H:5])([H:6])[H:7].[H:8],17.980136330641116,1.0993874716350653,3.5598847406059027,3.7257794055991686,36.79105888516642,54.77119521580754,161.0
[C:2]([C:3](=[O:4])[H:8])([H:5])([H:6])[H:7].[H:1]>>[H:1][C:3]([C:2]([H:5])([H:6])[H:7])([O:4])[H:8],44.05001541714891,1.7021407712193846,9.539890384723352,9.690551674573763,25.368787866289495,69.41880328343841,162.0
[H:1][C:3]([C:2]([H:5])([H:6])[H:7])([O:4])[H:8]>>[C:2]([C:3](=[O:4])[H:8])([H:5])([H:6])[H:7].[H:1],21.369105459955613,4.449147257541281,5.370025254441606,6.973670665627087,27.916690814003232,49.285796273958844,163.0
[C:2]([C:3](=[O:4])[H:8])([H:5])([H:6])[H:7].[H:1]>>[C:2]([C:3]=[O:4])([H:5])([H:6])[H:7].[H:1][H:8],67.34461375188518,1.3879490431606205,6.612014450124733,6.756118533231101,17.091810790923773,84.43642454280895,164.0
[C:2]([C:3]=[O:4])([H:5])([H:6])[H:7].[H:1][H:8]>>[C:2]([C:3](=[O:4])[H:8])([H:5])([H:6])[H:7].[H:1],33.16817601388341,2.8103579267977294,6.081626674500192,6.69957421667281,37.14981995942071,70.31799597330412,165.0
[C:1]([C:2]=[O:3])([H:4])([H:5])[H:6].[C:7]([C:8]([O:9])([H:13])[H:14])([H:10])([H:11])[H:12]>>[C:1]([C:2](=[O:3])[H:13])([H:4])([H:5])[H:6].[C:7]([C:8](=[O:9])[H:14])([H:10])([H:11])[H:12],7.417936181909511,1.267609368557741,3.6608285929050264,3.8740804712713897,56.923084039386595,49.505147857477084,166.0
[C:1]([C:2](=[O:3])[H:13])([H:4])([H:5])[H:6].[C:7]([C:8](=[O:9])[H:14])([H:10])([H:11])[H:12]>>[C:1]([C:2]=[O:3])([H:4])([H:5])[H:6].[C:7]([C:8]([O:9])([H:13])[H:14])([H:10])([H:11])[H:12],47.653217991083494,1.148547499113276,3.4633123448700633,3.648793465770396,122.70557946196641,75.05236147088291,167.0
[C:1]([C:2]([O:3])([H:7])[H:8])([H:4])([H:5])[H:6].[C:9]([C:10](=[O:11])[O:12][C:13]([H:16])([H:17])[H:18])([H:14])[H:15]>>[C:1]([C:2](=[O:3])[H:8])([H:4])([H:5])[H:6].[H:7][C:9]([C:10](=[O:11])[O:12][C:13]([H:16])([H:17])[H:18])([H:14])[H:15],10.735461729593752,3.2415993242964394,4.887317576633881,5.864626098410163,45.44353454821976,56.17899627781351,168.0
[C:1]([C:2](=[O:3])[H:8])([H:4])([H:5])[H:6].[H:7][C:9]([C:10](=[O:11])[O:12][C:13]([H:16])([H:17])[H:18])([H:14])[H:15]>>[C:1]([C:2]([O:3])([H:7])[H:8])([H:4])([H:5])[H:6].[C:9]([C:10](=[O:11])[O:12][C:13]([H:16])([H:17])[H:18])([H:14])[H:15],40.87501000051756,1.783201946402743,3.8393738843055645,4.233273084168103,122.29052815109026,81.4155181505727,169.0
[C:1]([C:2]([H:6])[H:7])([H:3])([H:4])[H:5].[C:8]([C:9]([O:10])([H:14])[H:15])([H:11])([H:12])[H:13]>>[C:1]([C:2]([H:6])([H:7])[H:14])([H:3])([H:4])[H:5].[C:8]([C:9](=[O:10])[H:15])([H:11])([H:12])[H:13],9.753073436952079,2.4149293892625714,5.542314543413423,6.045588015508172,44.67434043082176,54.427413867773836,170.0
[C:1]([C:2]([H:6])([H:7])[H:14])([H:3])([H:4])[H:5].[C:8]([C:9](=[O:10])[H:15])([H:11])([H:12])[H:13]>>[C:1]([C:2]([H:6])[H:7])([H:3])([H:4])[H:5].[C:8]([C:9]([O:10])([H:14])[H:15])([H:11])([H:12])[H:13],35.02563898884959,3.024483441179635,4.385774608337368,5.327524659830924,116.91774065452046,81.89210166567086,171.0
[C:1]([C:2]([O:3])([H:7])[H:8])([H:4])([H:5])[H:6].[C:9]([O:10][C:11]([C:12]([H:16])([H:17])[H:18])=[O:13])([H:14])[H:15]>>[C:1]([C:2](=[O:3])[H:8])([H:4])([H:5])[H:6].[H:7][C:9]([O:10][C:11]([C:12]([H:16])([H:17])[H:18])=[O:13])([H:14])[H:15],7.269437050650289,1.7869583431376843,3.947989519721658,4.333571433349336,48.76928271498764,56.03871976563793,172.0
[C:1]([C:2](=[O:3])[H:8])([H:4])([H:5])[H:6].[H:7][C:9]([O:10][C:11]([C:12]([H:16])([H:17])[H:18])=[O:13])([H:14])[H:15]>>[C:1]([C:2]([O:3])([H:7])[H:8])([H:4])([H:5])[H:6].[C:9]([O:10][C:11]([C:12]([H:16])([H:17])[H:18])=[O:13])([H:14])[H:15],38.047403470624175,1.346556847962875,3.7092628490263775,3.9461178679764486,122.71274034189992,84.66533687127574,173.0
[C:1]([H:2])([H:3])[H:4].[C:5]([C:6]([O:7])([H:11])[H:12])([H:8])([H:9])[H:10]>>[C:1]([H:2])([H:3])([H:4])[H:11].[C:5]([C:6](=[O:7])[H:12])([H:8])([H:9])[H:10],17.043343520807433,3.266874875702876,5.230346353486936,6.166765313430759,33.880442335183034,50.92378585599047,174.0
[C:1]([H:2])([H:3])([H:4])[H:11].[C:5]([C:6](=[O:7])[H:12])([H:8])([H:9])[H:10]>>[C:1]([H:2])([H:3])[H:4].[C:5]([C:6]([O:7])([H:11])[H:12])([H:8])([H:9])[H:10],33.35863124193355,4.286743614256225,5.2097719902369475,6.746695117212869,115.39449865744973,82.03586741551618,175.0
[C:1](=[O:2])[H:3].[C:4]([C:5]([O:6])([H:10])[H:11])([H:7])([H:8])[H:9]>>[C:1](=[O:2])([H:3])[H:10].[C:4]([C:5](=[O:6])[H:11])([H:7])([H:8])[H:9],5.616980212868846,2.1407381460934123,4.803564400842748,5.25899142071778,51.84564550392679,46.22866529105794,176.0
[C:1](=[O:2])([H:3])[H:10].[C:4]([C:5](=[O:6])[H:11])([H:7])([H:8])[H:9]>>[C:1](=[O:2])[H:3].[C:4]([C:5]([O:6])([H:10])[H:11])([H:7])([H:8])[H:9],45.334490392229014,1.908164592297762,3.5903240391841673,4.065897049562691,116.31375554329134,70.97926515106232,177.0
[C:2]([C:3]([O:4])([H:8])[H:9])([H:5])([H:6])[H:7].[H:1]>>[C:2]([C:3](=[O:4])[H:9])([H:5])([H:6])[H:7].[H:1][H:8],40.04226009746678,3.5576327975575492,6.483163744838075,7.395144573613149,22.624566786165815,62.666826883632595,178.0
[C:2]([C:3](=[O:4])[H:9])([H:5])([H:6])[H:7].[H:1][H:8]>>[C:2]([C:3]([O:4])([H:8])[H:9])([H:5])([H:6])[H:7].[H:1],35.54990897708676,0.9144368508316822,6.537463259884198,6.601107530444774,109.82501862343634,74.27510964634958,179.0
[C:11]([O:12][C:13]([C:14]([H:19])([H:20])[H:21])=[O:15])([H:16])([H:17])[H:18].[C:1]([C:2](=[O:3])[O:4][C:5]([H:8])([H:9])[H:10])([H:6])[H:7]>>[C:11]([O:12][C:13]([C:14]([H:19])([H:20])[H:21])=[O:15])([H:17])[H:18].[C:1]([C:2](=[O:3])[O:4][C:5]([H:8])([H:9])[H:10])([H:6])([H:7])[H:16],28.74901120334127,1.1610946160738422,3.7038175447168844,3.8815467422186574,50.47375435306458,79.22276555640585,180.0
[C:11]([O:12][C:13]([C:14]([H:19])([H:20])[H:21])=[O:15])([H:17])[H:18].[C:1]([C:2](=[O:3])[O:4][C:5]([H:8])([H:9])[H:10])([H:6])([H:7])[H:16]>>[C:11]([O:12][C:13]([C:14]([H:19])([H:20])[H:21])=[O:15])([H:16])([H:17])[H:18].[C:1]([C:2](=[O:3])[O:4][C:5]([H:8])([H:9])[H:10])([H:6])[H:7],20.958429361515286,0.3898647608866402,4.633392411348182,4.649765560683691,53.135313811246306,74.09374317276159,181.0
[C:1]([H:2])([H:3])[H:4].[C:5]([O:6][C:7]([C:8]([H:13])([H:14])[H:15])=[O:9])([H:10])([H:11])[H:12]>>[C:1]([H:2])([H:3])([H:4])[H:13].[C:5]([O:6][C:7]([C:8]([H:14])[H:15])=[O:9])([H:10])([H:11])[H:12],39.53049171190108,1.4402606962845037,2.9917288990029514,3.3203603235780506,35.051750914281,74.58224262618208,182.0
[C:1]([H:2])([H:3])([H:4])[H:13].[C:5]([O:6][C:7]([C:8]([H:14])[H:15])=[O:9])([H:10])([H:11])[H:12]>>[C:1]([H:2])([H:3])[H:4].[C:5]([O:6][C:7]([C:8]([H:13])([H:14])[H:15])=[O:9])([H:10])([H:11])[H:12],36.849335924642716,1.4652745239942788,5.93554539883855,6.113732788758448,39.59709821193246,76.44643413657518,183.0
[C:1]([H:2])([H:3])[H:4].[C:5]([O:6][C:7]([C:8]([H:13])([H:14])[H:15])=[O:9])([H:10])([H:11])[H:12]>>[C:1]([H:2])([H:3])([H:4])[H:10].[C:5]([O:6][C:7]([C:8]([H:13])([H:14])[H:15])=[O:9])([H:11])[H:12],41.91585886278759,1.188299428715791,3.1836250260574097,3.3981647751139614,38.16467467346229,80.08053353624987,184.0
[C:1]([H:2])([H:3])([H:4])[H:10].[C:5]([O:6][C:7]([C:8]([H:13])([H:14])[H:15])=[O:9])([H:11])[H:12]>>[C:1]([H:2])([H:3])[H:4].[C:5]([O:6][C:7]([C:8]([H:13])([H:14])[H:15])=[O:9])([H:10])([H:11])[H:12],30.63252390844056,2.4535928773302906,3.755829229869643,4.486242437901582,45.06908768659923,75.7016115950398,185.0
[C:2]([O:3][C:4]([C:5]([H:10])([H:11])[H:12])=[O:6])([H:7])([H:8])[H:9].[H:1]>>[H:1][O:6][C:4]([O:3][C:2]([H:7])([H:8])[H:9])[C:5]([H:10])([H:11])[H:12],48.067629757056395,3.7429779508761483,5.602530686604927,6.73782116378098,39.41880818514619,87.48643794220258,186.0
[H:1][O:6][C:4]([O:3][C:2]([H:7])([H:8])[H:9])[C:5]([H:10])([H:11])[H:12]>>[C:2]([O:3][C:4]([C:5]([H:10])([H:11])[H:12])=[O:6])([H:7])([H:8])[H:9].[H:1],0.7517353690329855,3.0662087445741553,5.7707470283460385,6.534765285032635,32.39049554275698,31.638760173723995,187.0
[C:2]([O:3][C:4]([C:5]([H:10])([H:11])[H:12])=[O:6])([H:7])([H:8])[H:9].[H:1]>>[C:2]([O:3][C:4]([C:5]([H:11])[H:12])=[O:6])([H:7])([H:8])[H:9].[H:1][H:10],64.12622842007906,2.6342315803613845,6.247180873262581,6.779855815740557,24.437191204429837,88.5634196245089,188.0
[C:2]([O:3][C:4]([C:5]([H:11])[H:12])=[O:6])([H:7])([H:8])[H:9].[H:1][H:10]>>[C:2]([O:3][C:4]([C:5]([H:10])([H:11])[H:12])=[O:6])([H:7])([H:8])[H:9].[H:1],34.697745927937916,2.1752853224879636,5.589251048871596,5.997632326305423,34.97978129456169,69.6775272224996,189.0
[C:2]([O:3][C:4]([C:5]([H:10])([H:11])[H:12])=[O:6])([H:7])([H:8])[H:9].[H:1]>>[C:2]([O:3][C:4]([C:5]([H:10])([H:11])[H:12])=[O:6])([H:8])[H:9].[H:1][H:7],67.659511329756,2.013504209976842,5.797020897170893,6.1367459199343175,23.994933138688793,91.6544444684448,190.0
[C:2]([O:3][C:4]([C:5]([H:10])([H:11])[H:12])=[O:6])([H:8])[H:9].[H:1][H:7]>>[C:2]([O:3][C:4]([C:5]([H:10])([H:11])[H:12])=[O:6])([H:7])([H:8])[H:9].[H:1],30.405286669204287,1.3004579099964408,4.146497126777837,4.345644854109591,36.81264502101112,67.21793169021541,191.0
[C:1]([C:2]=[O:3])([H:4])([H:5])[H:6].[C:7]([O:8][C:9]([C:10]([H:15])([H:16])[H:17])[O:11][H:18])([H:12])([H:13])[H:14]>>[C:1]([C:2](=[O:3])[H:18])([H:4])([H:5])[H:6].[C:7]([O:8][C:9]([C:10]([H:15])([H:16])[H:17])=[O:11])([H:12])([H:13])[H:14],11.972891547833491,1.7501579683401467,4.3612082921198345,4.699275548571217,50.48814842978027,38.515256881946776,192.0
[C:1]([C:2](=[O:3])[H:18])([H:4])([H:5])[H:6].[C:7]([O:8][C:9]([C:10]([H:15])([H:16])[H:17])=[O:11])([H:12])([H:13])[H:14]>>[C:1]([C:2]=[O:3])([H:4])([H:5])[H:6].[C:7]([O:8][C:9]([C:10]([H:15])([H:16])[H:17])[O:11][H:18])([H:12])([H:13])[H:14],44.218494921930045,1.8949664168046045,3.2729178899940585,3.781916079907173,126.85206902731443,82.63357410538438,193.0
[C:11]([O:12][C:13]([C:14]([H:19])([H:20])[H:21])[O:15][H:22])([H:16])([H:17])[H:18].[C:1]([C:2](=[O:3])[O:4][C:5]([H:8])([H:9])[H:10])([H:6])[H:7]>>[C:11]([O:12][C:13]([C:14]([H:19])([H:20])[H:21])=[O:15])([H:16])([H:17])[H:18].[C:1]([C:2](=[O:3])[O:4][C:5]([H:8])([H:9])[H:10])([H:6])([H:7])[H:22],15.40729359464111,1.5611877620763905,4.248635782064061,4.526390751701866,53.51072723179823,38.10343363715712,194.0
[C:11]([O:12][C:13]([C:14]([H:19])([H:20])[H:21])=[O:15])([H:16])([H:17])[H:18].[C:1]([C:2](=[O:3])[O:4][C:5]([H:8])([H:9])[H:10])([H:6])([H:7])[H:22]>>[C:11]([O:12][C:13]([C:14]([H:19])([H:20])[H:21])[O:15][H:22])([H:16])([H:17])[H:18].[C:1]([C:2](=[O:3])[O:4][C:5]([H:8])([H:9])[H:10])([H:6])[H:7],61.2227207136568,1.6683203645481868,4.654825339419053,4.94476407720974,140.17181554011768,78.94909482646088,195.0
[C:1]([C:2]([H:6])[H:7])([H:3])([H:4])[H:5].[C:8]([O:9][C:10]([C:11]([H:16])([H:17])[H:18])[O:12][H:19])([H:13])([H:14])[H:15]>>[C:1]([C:2]([H:6])([H:7])[H:19])([H:3])([H:4])[H:5].[C:8]([O:9][C:10]([C:11]([H:16])([H:17])[H:18])=[O:12])([H:13])([H:14])[H:15],10.39698700545415,1.7356459755728932,3.9555383994924416,4.319577639351052,45.18993051809957,34.79294351264542,196.0
[C:1]([C:2]([H:6])([H:7])[H:19])([H:3])([H:4])[H:5].[C:8]([O:9][C:10]([C:11]([H:16])([H:17])[H:18])=[O:12])([H:13])([H:14])[H:15]>>[C:1]([C:2]([H:6])[H:7])([H:3])([H:4])[H:5].[C:8]([O:9][C:10]([C:11]([H:16])([H:17])[H:18])[O:12][H:19])([H:13])([H:14])[H:15],45.84897909352469,1.3787282206276146,4.576148944421381,4.779333705432578,127.63531854882604,81.78633945530134,197.0
[C:11]([O:12][C:13]([C:14]([H:19])([H:20])[H:21])[O:15][H:22])([H:16])([H:17])[H:18].[C:1]([O:2][C:3]([C:4]([H:8])([H:9])[H:10])=[O:5])([H:6])[H:7]>>[C:11]([O:12][C:13]([C:14]([H:19])([H:20])[H:21])=[O:15])([H:16])([H:17])[H:18].[C:1]([O:2][C:3]([C:4]([H:8])([H:9])[H:10])=[O:5])([H:6])([H:7])[H:22],12.268725392422901,1.663006724012373,4.0457989082020696,4.374251955445573,51.81059141125297,39.54186601883007,198.0
[C:11]([O:12][C:13]([C:14]([H:19])([H:20])[H:21])=[O:15])([H:16])([H:17])[H:18].[C:1]([O:2][C:3]([C:4]([H:8])([H:9])[H:10])=[O:5])([H:6])([H:7])[H:22]>>[C:11]([O:12][C:13]([C:14]([H:19])([H:20])[H:21])[O:15][H:22])([H:16])([H:17])[H:18].[C:1]([O:2][C:3]([C:4]([H:8])([H:9])[H:10])=[O:5])([H:6])[H:7],52.0934187679307,2.219823163629742,4.629234838882788,5.1339487795763326,135.85564916208386,83.76223039415316,199.0
[C:1]([H:2])([H:3])[H:4].[C:5]([O:6][C:7]([C:8]([H:13])([H:14])[H:15])[O:9][H:16])([H:10])([H:11])[H:12]>>[C:1]([H:2])([H:3])([H:4])[H:16].[C:5]([O:6][C:7]([C:8]([H:13])([H:14])[H:15])=[O:9])([H:10])([H:11])[H:12],5.250657054129469,1.4835097207987644,4.529540861275976,4.7662922178222695,35.21146309073083,29.96080603660136,200.0
[C:1]([H:2])([H:3])([H:4])[H:16].[C:5]([O:6][C:7]([C:8]([H:13])([H:14])[H:15])=[O:9])([H:10])([H:11])[H:12]>>[C:1]([H:2])([H:3])[H:4].[C:5]([O:6][C:7]([C:8]([H:13])([H:14])[H:15])[O:9][H:16])([H:10])([H:11])[H:12],49.519468595879744,2.053271615942976,5.875015217890795,6.223481994774749,127.02941423046286,77.50994563458312,201.0
[C:1](=[O:2])[H:3].[C:4]([O:5][C:6]([C:7]([H:12])([H:13])[H:14])[O:8][H:15])([H:9])([H:10])[H:11]>>[C:1](=[O:2])([H:3])[H:15].[C:4]([O:5][C:6]([C:7]([H:12])([H:13])[H:14])=[O:8])([H:9])([H:10])[H:11],7.360522779233953,1.5047766496278852,4.502041898022269,4.74686570452686,41.790037319326075,34.42951454009212,202.0
[C:1](=[O:2])([H:3])[H:15].[C:4]([O:5][C:6]([C:7]([H:12])([H:13])[H:14])=[O:8])([H:9])([H:10])[H:11]>>[C:1](=[O:2])[H:3].[C:4]([O:5][C:6]([C:7]([H:12])([H:13])[H:14])[O:8][H:15])([H:9])([H:10])[H:11],35.53586409855954,1.6596466523369364,4.249618509533085,4.562201714871822,117.72701270619291,82.19114860763337,203.0
[C:2]([O:3][C:4]([C:5]([H:10])([H:11])[H:12])[O:6][H:13])([H:7])([H:8])[H:9].[H:1]>>[C:2]([O:3][C:4]([C:5]([H:10])([H:11])[H:12])=[O:6])([H:7])([H:8])[H:9].[H:1][H:13],14.90251618320032,2.703006429972061,7.450934513160406,7.926075250707327,29.971375266526593,44.87389144972691,204.0
[C:2]([O:3][C:4]([C:5]([H:10])([H:11])[H:12])=[O:6])([H:7])([H:8])[H:9].[H:1][H:13]>>[C:2]([O:3][C:4]([C:5]([H:10])([H:11])[H:12])[O:6][H:13])([H:7])([H:8])[H:9].[H:1],41.947076192382625,2.1527119407287296,5.733780845569217,6.124574392133097,126.76020248743589,84.81312629505327,205.0
[C:1]([C:2]=[O:3])([H:4])([H:5])[H:6].[C:7]([C:8]=[O:9])([H:10])([H:11])[H:12]>>[C:1]([C:2](=[O:3])[H:10])([H:4])([H:5])[H:6].[C:7](=[C:8]=[O:9])([H:11])[H:12],1.244791471504243,1.5151602253719594,4.788633825176792,5.022621269832768,45.659200086200144,46.90399155770439,206.0
[C:1]([C:2](=[O:3])[H:10])([H:4])([H:5])[H:6].[C:7](=[C:8]=[O:9])([H:11])[H:12]>>[C:1]([C:2]=[O:3])([H:4])([H:5])[H:6].[C:7]([C:8]=[O:9])([H:10])([H:11])[H:12],7.172337554577709,2.1486668950694563,4.368218756455995,4.868069897836449,85.09602469811216,77.92368714353445,207.0
[C:1]([O:2])([H:3])([H:4])[H:5].[C:6]([C:7]=[O:8])([H:9])([H:10])[H:11]>>[C:1](=[O:2])([H:4])[H:5].[H:3][C:7]([C:6]([H:9])([H:10])[H:11])=[O:8],8.019586786290688,2.6755190935077255,4.428739683059766,5.1741798963732135,44.37409226107411,52.3936790473648,208.0
[C:1](=[O:2])([H:4])[H:5].[H:3][C:7]([C:6]([H:9])([H:10])[H:11])=[O:8]>>[C:1]([O:2])([H:3])([H:4])[H:5].[C:6]([C:7]=[O:8])([H:9])([H:10])[H:11],38.503602024393416,1.431774789463276,3.5148901951017364,3.795317131856695,104.1975882659026,65.69398624150918,209.0
[C:1]([O:2])([H:3])([H:4])[H:5].[C:6]([C:7]=[O:8])([H:9])([H:10])[H:11]>>[C:1]([O:2][C:7]([C:6]([H:9])([H:10])[H:11])=[O:8])([H:3])([H:4])[H:5],44.84449233638159,3.60498628502554,9.582548835446307,10.238220953805188,21.41623241882189,66.26072475520348,210.0
[C:1]([O:2][C:7]([C:6]([H:9])([H:10])[H:11])=[O:8])([H:3])([H:4])[H:5]>>[C:1]([O:2])([H:3])([H:4])[H:5].[C:6]([C:7]=[O:8])([H:9])([H:10])[H:11],18.519614251352493,1.7601839281685403,4.696196563454247,5.015227773848593,85.13566307150177,66.61604882014927,211.0
[C:5]([C:6]=[O:7])([H:8])([H:9])[H:10].[O:1]=[C:2][O:3][H:4]>>[H:4][C:6]([C:5]([H:8])([H:9])[H:10])=[O:7].[O:1]=[C:2]=[O:3],12.757229657037847,2.345138741268159,2.3559148413718414,3.324155600388302,54.44320684025297,41.68597718321512,212.0
[H:4][C:6]([C:5]([H:8])([H:9])[H:10])=[O:7].[O:1]=[C:2]=[O:3]>>[C:5]([C:6]=[O:7])([H:8])([H:9])[H:10].[O:1]=[C:2][O:3][H:4],43.066470317429705,3.2220916928010923,5.121395299887032,6.050666466970625,134.31921318150125,91.25274286407155,213.0
[C:1]([C:2]=[O:3])([H:4])([H:5])[H:6].[C:7]([C:8](=[O:9])[O:10][C:11]([H:14])([H:15])[H:16])([H:12])[H:13]>>[C:1](=[C:2]=[O:3])([H:5])[H:6].[H:4][C:7]([C:8](=[O:9])[O:10][C:11]([H:14])([H:15])[H:16])([H:12])[H:13],4.717760830754024,1.5922764332664734,3.515622685370502,3.859397246439851,49.8885390877258,54.60629991847983,214.0
[C:1](=[C:2]=[O:3])([H:5])[H:6].[H:4][C:7]([C:8](=[O:9])[O:10][C:11]([H:14])([H:15])[H:16])([H:12])[H:13]>>[C:1]([C:2]=[O:3])([H:4])([H:5])[H:6].[C:7]([C:8](=[O:9])[O:10][C:11]([H:14])([H:15])[H:16])([H:12])[H:13],18.704070526148897,1.5887971280812256,3.829953647260365,4.146422705702124,100.21339155756868,81.50932103141979,215.0
[C:1]([C:2]=[O:3])([H:4])([H:5])[H:6].[C:7]([C:8]([H:12])[H:13])([H:9])([H:10])[H:11]>>[C:1]([C:2](=[O:3])[H:9])([H:4])([H:5])[H:6].[C:7](=[C:8]([H:12])[H:13])([H:10])[H:11],17.670331927763577,1.668484479893566,4.378188802703709,4.685336450220606,65.03540459982469,47.36507267206111,216.0
[C:1]([C:2](=[O:3])[H:9])([H:4])([H:5])[H:6].[C:7](=[C:8]([H:12])[H:13])([H:10])[H:11]>>[C:1]([C:2]=[O:3])([H:4])([H:5])[H:6].[C:7]([C:8]([H:12])[H:13])([H:9])([H:10])[H:11],37.353186000632746,1.1726567945479138,3.8132874315954104,3.989521900398958,107.19860328984214,69.8454172892094,217.0
[C:1]([C:2]=[O:3])([H:4])([H:5])[H:6].[C:7]([C:8]([H:12])[H:13])([H:9])([H:10])[H:11]>>[C:1](=[C:2]=[O:3])([H:5])[H:6].[H:4][C:8]([C:7]([H:9])([H:10])[H:11])([H:12])[H:13],10.120286120441122,1.0407492096164381,3.657665085106202,3.802850613963451,41.37055182433687,51.490837944777994,218.0
[C:1](=[C:2]=[O:3])([H:5])[H:6].[H:4][C:8]([C:7]([H:9])([H:10])[H:11])([H:12])[H:13]>>[C:1]([C:2]=[O:3])([H:4])([H:5])[H:6].[C:7]([C:8]([H:12])[H:13])([H:9])([H:10])[H:11],8.02499231082416,2.8220726076659104,5.107508971581822,5.835301337354145,88.61316318824538,80.58817087742122,219.0
[C:1]([O:2][H:5])([H:3])[H:4].[C:6]([C:7]=[O:8])([H:9])([H:10])[H:11]>>[C:1](=[O:2])([H:3])[H:4].[H:5][C:7]([C:6]([H:9])([H:10])[H:11])=[O:8],1.7994740560403386,3.8984647275517443,5.022478754605873,6.3579336322764854,39.75928099756129,41.55875505360163,220.0
[C:1](=[O:2])([H:3])[H:4].[H:5][C:7]([C:6]([H:9])([H:10])[H:11])=[O:8]>>[C:1]([O:2][H:5])([H:3])[H:4].[C:6]([C:7]=[O:8])([H:9])([H:10])[H:11],16.94039062619909,1.5790295186665215,4.099951886202008,4.3935110890939635,92.82284822879592,75.88245760259683,221.0
[C:1]([C:2]=[O:3])([H:4])([H:5])[H:6].[C:7]([O:8][C:9]([C:10]([H:14])([H:15])[H:16])=[O:11])([H:12])[H:13]>>[C:1](=[C:2]=[O:3])([H:5])[H:6].[H:4][C:7]([O:8][C:9]([C:10]([H:14])([H:15])[H:16])=[O:11])([H:12])[H:13],6.343578067184673,0.9688238922911362,2.8223890475918614,2.984040829184588,48.84051662281854,55.184094690003214,222.0
[C:1](=[C:2]=[O:3])([H:5])[H:6].[H:4][C:7]([O:8][C:9]([C:10]([H:14])([H:15])[H:16])=[O:11])([H:12])[H:13]>>[C:1]([C:2]=[O:3])([H:4])([H:5])[H:6].[C:7]([O:8][C:9]([C:10]([H:14])([H:15])[H:16])=[O:11])([H:12])[H:13],13.648756722815364,1.0119673800678568,4.100955908086969,4.223969381801295,98.161271729914,84.51251500709864,223.0
[C:1]([H:2])([H:3])[H:4].[C:5]([C:6]=[O:7])([H:8])([H:9])[H:10]>>[C:1]([H:2])([H:3])([H:4])[H:8].[C:5](=[C:6]=[O:7])([H:9])[H:10],15.431154890306587,0.987118917878462,4.293445747276957,4.405460264585772,33.42422003003594,48.85537492034253,224.0
[C:1]([H:2])([H:3])([H:4])[H:8].[C:5](=[C:6]=[O:7])([H:9])[H:10]>>[C:1]([H:2])([H:3])[H:4].[C:5]([C:6]=[O:7])([H:8])([H:9])[H:10],13.444408740697526,3.771827611521284,6.092125604286249,7.1652409526431455,89.37469846989552,75.930289729198,225.0
[C:1](=[O:2])[H:3].[C:4]([C:5]=[O:6])([H:7])([H:8])[H:9]>>[C:1](=[O:2])([H:3])[H:7].[C:4](=[C:5]=[O:6])([H:8])[H:9],1.6607518835487198,1.7382344344620955,6.487038493299834,6.715886193400208,45.54241539907525,43.88166351552653,226.0
[C:1](=[O:2])([H:3])[H:7].[C:4](=[C:5]=[O:6])([H:8])[H:9]>>[C:1](=[O:2])[H:3].[C:4]([C:5]=[O:6])([H:7])([H:8])[H:9],11.929754834940283,1.2499741295646858,5.263357765328707,5.40974771042301,83.96913432466681,72.03937948972653,227.0
[C:1](=[O:2])[H:3].[C:4]([C:5]=[O:6])([H:7])([H:8])[H:9]>>[C-:1]#[O+:2].[H:3][C:5]([C:4]([H:7])([H:8])[H:9])=[O:6],5.880871330949745,1.6953013629043592,2.9855283724862347,3.433282157642404,46.37129623055807,40.49042489960833,228.0
[C-:1]#[O+:2].[H:3][C:5]([C:4]([H:7])([H:8])[H:9])=[O:6]>>[C:1](=[O:2])[H:3].[C:4]([C:5]=[O:6])([H:7])([H:8])[H:9],29.28424780964704,1.6386766140032007,5.784079084119934,6.011724535990874,109.65054339630296,80.36629558665592,229.0
[C:2]([C:3]=[O:4])([H:5])([H:6])[H:7].[H:1]>>[C:2](=[C:3]=[O:4])([H:6])[H:7].[H:1][H:5],30.584740681154265,2.1606051709893683,6.878081729070395,7.209453722486746,26.335172544175293,56.91991322532956,230.0
[C:2](=[C:3]=[O:4])([H:6])[H:7].[H:1][H:5]>>[C:2]([C:3]=[O:4])([H:5])([H:6])[H:7].[H:1],20.88001005304865,1.8412371313228455,5.89556697363271,6.176395721968496,87.65350314142415,66.7734930883755,231.0
[C:2]([C:3]=[O:4])([H:5])([H:6])[H:7].[H:1]>>[H:1][C:3]([C:2]([H:5])([H:6])[H:7])=[O:4],46.23269090316535,3.119831265792715,10.65557699191207,11.102912597944005,16.97692669200478,63.20961759517013,232.0
[H:1][C:3]([C:2]([H:5])([H:6])[H:7])=[O:4]>>[C:2]([C:3]=[O:4])([H:5])([H:6])[H:7].[H:1],9.430430232386456,1.7999362783057862,7.134673632534078,7.3582157109409545,85.78828066056303,76.35785042817658,233.0
[C:5]([C:6]=[O:7])([H:8])([H:9])[H:10].[O:1][C:2](=[O:3])[H:4]>>[H:4][C:6]([C:5]([H:8])([H:9])[H:10])=[O:7].[O:1]=[C:2]=[O:3],17.25414924924297,1.5040850078906618,4.058307173024394,4.328062941037562,35.034963312209584,52.289112561452555,234.0
[H:4][C:6]([C:5]([H:8])([H:9])[H:10])=[O:7].[O:1]=[C:2]=[O:3]>>[C:5]([C:6]=[O:7])([H:8])([H:9])[H:10].[O:1][C:2](=[O:3])[H:4],40.43003127094282,1.7901888157071437,6.6455195551433075,6.882420079715787,125.70073740865337,85.27070613771055,235.0
[C:1]([O:2])([H:3])([H:4])[H:5].[C:6]([C:7](=[O:8])[O:9][C:10]([H:13])([H:14])[H:15])([H:11])[H:12]>>[C:1](=[O:2])([H:4])[H:5].[H:3][C:6]([C:7](=[O:8])[O:9][C:10]([H:13])([H:14])[H:15])([H:11])[H:12],21.569468544247385,2.701880365742865,5.2794054695902854,5.930622195278217,41.089346697961446,62.65881524220883,236.0
[C:1](=[O:2])([H:4])[H:5].[H:3][C:6]([C:7](=[O:8])[O:9][C:10]([H:13])([H:14])[H:15])([H:11])[H:12]>>[C:1]([O:2])([H:3])([H:4])[H:5].[C:6]([C:7](=[O:8])[O:9][C:10]([H:13])([H:14])[H:15])([H:11])[H:12],35.089817690087756,1.3381812494649579,4.587079563262354,4.778287138307904,111.26964376296382,76.17982607287607,237.0
[C:1]([O:2])([H:3])([H:4])[H:5].[C:6]([C:7]([H:11])[H:12])([H:8])([H:9])[H:10]>>[C:1](=[O:2])([H:4])[H:5].[H:3][C:7]([C:6]([H:8])([H:9])[H:10])([H:11])[H:12],21.04853635030902,1.9960190018372483,6.939527884436447,7.220882156258082,39.069709077943116,60.11824542825214,238.0
[C:1](=[O:2])([H:4])[H:5].[H:3][C:7]([C:6]([H:8])([H:9])[H:10])([H:11])[H:12]>>[C:1]([O:2])([H:3])([H:4])[H:5].[C:6]([C:7]([H:11])[H:12])([H:8])([H:9])[H:10],36.41991173626087,2.110907366864833,5.1384585981569035,5.555149563824257,107.28742136823712,70.86750963197625,239.0
[C:1]([O:2])([H:3])([H:4])[H:5].[C:6]([O:7][C:8]([C:9]([H:13])([H:14])[H:15])=[O:10])([H:11])[H:12]>>[C:1](=[O:2])([H:4])[H:5].[H:3][C:6]([O:7][C:8]([C:9]([H:13])([H:14])[H:15])=[O:10])([H:11])[H:12],16.581612837005892,1.4144484806437867,4.2476427625761355,4.476955834365684,45.17784944921732,61.75946228622321,240.0
[C:1](=[O:2])([H:4])[H:5].[H:3][C:6]([O:7][C:8]([C:9]([H:13])([H:14])[H:15])=[O:10])([H:11])[H:12]>>[C:1]([O:2])([H:3])([H:4])[H:5].[C:6]([O:7][C:8]([C:9]([H:13])([H:14])[H:15])=[O:10])([H:11])[H:12],34.9133282691632,1.1005433048955697,4.2510332335203005,4.391181972822866,112.66342888429062,77.75010061512742,241.0
[C:1]([H:2])([H:3])[H:4].[C:5]([O:6])([H:7])([H:8])[H:9]>>[C:1]([H:2])([H:3])([H:4])[H:7].[C:5](=[O:6])([H:8])[H:9],23.029203751431034,3.1036458849476185,6.7444195874242885,7.424271907088579,31.40198668089579,54.43119043232682,242.0
[C:1]([H:2])([H:3])([H:4])[H:7].[C:5](=[O:6])([H:8])[H:9]>>[C:1]([H:2])([H:3])[H:4].[C:5]([O:6])([H:7])([H:8])[H:9],36.57987319999435,2.6294915749712553,5.320356275935818,5.934679169570539,106.08611576390103,69.50624256390668,243.0
[C:1]([O:2])([H:3])([H:4])[H:5].[C:6](=[C:7]([O:8])[H:10])[H:9]>>[C:1](=[O:2])([H:4])[H:5].[H:3][C:6](=[C:7]([O:8])[H:10])[H:9],16.86566027007825,3.1239385833024444,6.688177760914825,7.381782578337114,29.398486764752306,46.26414703483056,244.0
[C:1](=[O:2])([H:4])[H:5].[H:3][C:6](=[C:7]([O:8])[H:10])[H:9]>>[C:1]([O:2])([H:3])([H:4])[H:5].[C:6](=[C:7]([O:8])[H:10])[H:9],45.2364478028893,1.6162706098150086,4.983995631042898,5.239517452438389,111.65025779319694,66.41380999030764,245.0
[C:1](=[O:2])[H:3].[C:4]([O:5])([H:6])([H:7])[H:8]>>[C:1](=[O:2])([H:3])[H:6].[C:4](=[O:5])([H:7])[H:8],8.118809736473565,2.916858275987063,6.147740972946444,6.804614704201753,37.95757922739722,46.076388963870784,246.0
[C:1](=[O:2])([H:3])[H:6].[C:4](=[O:5])([H:7])[H:8]>>[C:1](=[O:2])[H:3].[C:4]([O:5])([H:6])([H:7])[H:8],39.24211474474591,1.4681351717155202,3.4246297021707433,3.7260581690867673,98.36567569134058,59.12356094659467,247.0
[C:2]([O:3])([H:4])([H:5])[H:6].[H:1]>>[C:2](=[O:3])([H:5])[H:6].[H:1][H:4],40.27751427887499,5.074025207728244,8.561344434036902,9.95200232751562,21.365415264546755,61.642929543421744,248.0
[C:2](=[O:3])([H:5])[H:6].[H:1][H:4]>>[C:2]([O:3])([H:4])([H:5])[H:6].[H:1],43.567184982393904,2.364625269378671,5.07523596424153,5.599059988722644,101.86223216298094,58.29504718058704,249.0
[C:4]([H:5])([H:6])[H:7].[O:1]=[C:2]=[O:3]>>[O:1][C:2](=[O:3])[C:4]([H:5])([H:6])[H:7],45.29008221564297,3.6697924080078472,6.267946334559264,7.263231207306219,35.11581339032273,80.4058956059657,250.0
[O:1][C:2](=[O:3])[C:4]([H:5])([H:6])[H:7]>>[C:4]([H:5])([H:6])[H:7].[O:1]=[C:2]=[O:3],45.1206713272034,2.752473254736279,6.606414116798694,7.156871977384784,1.4839862501830794,46.604657577386476,251.0
[H:1].[O:2]=[C:3]=[O:4]>>[H:1][O:2][C:3]=[O:4],65.31299749973661,5.372817245876937,14.683041221008743,15.635180352507437,34.97743668117619,100.2904341809128,252.0
[H:1][O:2][C:3]=[O:4]>>[H:1].[O:2]=[C:3]=[O:4],0.2650331416674483,2.477872914331044,5.481913264283645,6.01591449546155,24.19775661843596,23.932723476768512,253.0
[H:1].[O:2]=[C:3]=[O:4]>>[H:1][C:3]([O:2])=[O:4],54.52013881578722,4.608654758007646,11.551391541323246,12.43681411051322,26.55783980608976,81.07797862187698,254.0
[H:1][C:3]([O:2])=[O:4]>>[H:1].[O:2]=[C:3]=[O:4],29.307147026799264,2.2693524412120496,7.449831375915563,7.787807652479037,4.4583739577792585,33.76552098457852,255.0
[C:5]([C:6](=[O:7])[O:8][C:9]([H:12])([H:13])[H:14])([H:10])[H:11].[O:1]=[C:2][O:3][H:4]>>[H:4][C:5]([C:6](=[O:7])[O:8][C:9]([H:12])([H:13])[H:14])([H:10])[H:11].[O:1]=[C:2]=[O:3],9.22303972477063,0.9192962075656365,3.5142705445326565,3.632520196422095,53.44299881189363,44.219959087123,256.0
[H:4][C:5]([C:6](=[O:7])[O:8][C:9]([H:12])([H:13])[H:14])([H:10])[H:11].[O:1]=[C:2]=[O:3]>>[C:5]([C:6](=[O:7])[O:8][C:9]([H:12])([H:13])[H:14])([H:10])[H:11].[O:1]=[C:2][O:3][H:4],57.20446605652394,2.0522318344764905,4.986731845079546,5.392508692359169,142.52488526212983,85.32041920560589,257.0
[C:5]([C:6]([H:10])[H:11])([H:7])([H:8])[H:9].[O:1]=[C:2][O:3][H:4]>>[H:4][C:6]([C:5]([H:7])([H:8])[H:9])([H:10])[H:11].[O:1]=[C:2]=[O:3],2.8770148317574638,0.9237271704327275,3.2927887421607207,3.419901984837582,34.816009035741445,37.69302386749891,258.0
[H:4][C:6]([C:5]([H:7])([H:8])[H:9])([H:10])[H:11].[O:1]=[C:2]=[O:3]>>[C:5]([C:6]([H:10])[H:11])([H:7])([H:8])[H:9].[O:1]=[C:2][O:3][H:4],31.902255051398683,2.3246436868671543,4.828130420748455,5.358620310364223,120.66347478603711,88.76121973463843,259.0
[C:5]([O:6][C:7]([C:8]([H:12])([H:13])[H:14])=[O:9])([H:10])[H:11].[O:1]=[C:2][O:3][H:4]>>[H:4][C:5]([O:6][C:7]([C:8]([H:12])([H:13])[H:14])=[O:9])([H:10])[H:11].[O:1]=[C:2]=[O:3],3.0832612519673077,0.7737885169954348,2.7892332649300307,2.89457611322042,48.36657267843839,45.28331142647108,260.0
[H:4][C:5]([O:6][C:7]([C:8]([H:12])([H:13])[H:14])=[O:9])([H:10])[H:11].[O:1]=[C:2]=[O:3]>>[C:5]([O:6][C:7]([C:8]([H:12])([H:13])[H:14])=[O:9])([H:10])[H:11].[O:1]=[C:2][O:3][H:4],43.12613729812344,2.71274445737458,4.4801229573176435,5.2374119757472855,135.6782132765511,92.55207597842767,261.0
[C:5]([H:6])([H:7])[H:8].[O:1]=[C:2][O:3][H:4]>>[H:4][C:5]([H:6])([H:7])[H:8].[O:1]=[C:2]=[O:3],3.876516267349473,0.49854614413425846,4.43715183344075,4.465071628858572,28.745226812607143,32.621743079956616,262.0
[H:4][C:5]([H:6])([H:7])[H:8].[O:1]=[C:2]=[O:3]>>[C:5]([H:6])([H:7])[H:8].[O:1]=[C:2][O:3][H:4],41.35092602085132,3.4341254399818952,6.859595398787444,7.67119720595141,122.69552433225908,81.34459831140776,263.0
[C:5]([H:6])([H:7])[H:8].[O:1]=[C:2][O:3][H:4]>>[O:1]=[C:2]([O:3][H:4])[C:5]([H:6])([H:7])[H:8],48.83273810900282,1.9596129304766192,7.948927462573282,8.186912155540872,22.321974578517256,71.15471268752007,264.0
[O:1]=[C:2]([O:3][H:4])[C:5]([H:6])([H:7])[H:8]>>[C:5]([H:6])([H:7])[H:8].[O:1]=[C:2][O:3][H:4],9.116733914311695,1.8509032753631607,6.485728606600182,6.744665928956157,88.01340815422009,78.89667423990839,265.0
[C:5](=[C:6]([O:7])[H:9])[H:8].[O:1]=[C:2][O:3][H:4]>>[H:4][C:5](=[C:6]([O:7])[H:9])[H:8].[O:1]=[C:2]=[O:3],2.9668180140563862,1.1776077707944195,2.4214968907457615,2.6926580276237817,30.200327278493205,33.16714529254959,266.0
[H:4][C:5](=[C:6]([O:7])[H:9])[H:8].[O:1]=[C:2]=[O:3]>>[C:5](=[C:6]([O:7])[H:9])[H:8].[O:1]=[C:2][O:3][H:4],45.15090882662756,2.8471551520153597,4.103948845918443,4.994866223390065,131.5834531482251,86.43254432159753,267.0
[C:1](=[O:2])[H:3].[O:4]=[C:5][O:6][H:7]>>[C:1](=[O:2])([H:3])[H:7].[O:4]=[C:5]=[O:6],11.290239624319817,1.4859539620111686,3.5917429674546164,3.8869881298347675,50.492952594242524,39.20271296992271,268.0
[C:1](=[O:2])([H:3])[H:7].[O:4]=[C:5]=[O:6]>>[C:1](=[O:2])[H:3].[O:4]=[C:5][O:6][H:7],38.53852024644925,3.6967674661228944,5.828840807505341,6.902280409967724,127.90264201321406,89.36412176676481,269.0
[H:1].[O:2]=[C:3][O:4][H:5]>>[H:1][H:5].[O:2]=[C:3]=[O:4],10.09504419365254,1.3336920369507148,6.511240429252944,6.646426587043884,35.13843844900839,45.23348264266093,270.0
[H:1][H:5].[O:2]=[C:3]=[O:4]>>[H:1].[O:2]=[C:3][O:4][H:5],40.41337745870682,4.727500027511172,9.491183370860854,10.60338711400389,135.02562399374438,94.61224653503756,271.0
[C-:1]#[O+:2].[C:3]([H:4])([H:5])[H:6]>>[C:1](=[O:2])[C:3]([H:4])([H:5])[H:6],60.931463374415756,7.567238253456624,9.091905334988335,11.82902520941462,21.789161179185612,82.72062455360137,272.0
[C:1](=[O:2])[C:3]([H:4])([H:5])[H:6]>>[C-:1]#[O+:2].[C:3]([H:4])([H:5])[H:6],19.820977567226223,2.5818247804714773,7.492159340640828,7.924535997937557,15.021256280771922,34.842233847998145,273.0
[C-:2]#[O+:3].[H:1]>>[H:1][C:2]=[O:3],52.375314807440944,2.4177977440139102,8.01236725936489,8.369215914881226,15.520796222961508,67.89611103040245,274.0
[H:1][C:2]=[O:3]>>[C-:2]#[O+:3].[H:1],9.492951145245488,3.8791914924305373,8.841770378728329,9.655310977130833,20.894027799076866,11.401076653831378,275.0
[C-:3]#[O+:4].[H:1][H:2]>>[H:1][C:3]([H:2])=[O:4],20.562094045809758,4.097396363898814,5.562869317953242,6.908992112567273,100.25363309458771,79.69153904877795,276.0
[H:1][C:3]([H:2])=[O:4]>>[C-:3]#[O+:4].[H:1][H:2],19.054630167294725,1.535202014173004,4.761039475190533,5.0024336186143845,82.81760651347577,63.76297634618104,277.0
[C:1]([O:2][H:5])([H:3])[H:4].[C:6]([C:7](=[O:8])[O:9][C:10]([H:13])([H:14])[H:15])([H:11])[H:12]>>[C:1](=[O:2])([H:3])[H:4].[H:5][C:6]([C:7](=[O:8])[O:9][C:10]([H:13])([H:14])[H:15])([H:11])[H:12],6.049977880165137,0.8150164412773406,4.814178056198426,4.88267981300585,46.306688597251195,40.25671071708606,278.0
[C:1](=[O:2])([H:3])[H:4].[H:5][C:6]([C:7](=[O:8])[O:9][C:10]([H:13])([H:14])[H:15])([H:11])[H:12]>>[C:1]([O:2][H:5])([H:3])[H:4].[C:6]([C:7](=[O:8])[O:9][C:10]([H:13])([H:14])[H:15])([H:11])[H:12],34.4201244514345,1.7682071527926255,3.519262585373966,3.938497896406707,107.71959011268336,73.29946566124886,279.0
[C:1](=[O:2])[H:3].[C:4]([C:5](=[O:6])[O:7][C:8]([H:11])([H:12])[H:13])([H:9])[H:10]>>[C-:1]#[O+:2].[H:3][C:4]([C:5](=[O:6])[O:7][C:8]([H:11])([H:12])[H:13])([H:9])[H:10],35.363513374520856,1.8058528804051692,5.7981239303329515,6.072836712539477,87.36782641898026,52.0043130444594,280.0
[C-:1]#[O+:2].[H:3][C:4]([C:5](=[O:6])[O:7][C:8]([H:11])([H:12])[H:13])([H:9])[H:10]>>[C:1](=[O:2])[H:3].[C:4]([C:5](=[O:6])[O:7][C:8]([H:11])([H:12])[H:13])([H:9])[H:10],72.84175755942924,1.6663937329937366,4.175026399614553,4.495299045763169,160.98655385506572,88.14479629563648,281.0
[C:2]([C:3](=[O:4])[O:5][C:6]([H:9])([H:10])[H:11])([H:7])[H:8].[H:1]>>[H:1][C:2]([C:3](=[O:4])[O:5][C:6]([H:9])([H:10])[H:11])([H:7])[H:8],45.07032751116397,1.7523852747899478,6.466386390391468,6.699627385246186,20.288310548494337,65.3586380596583,282.0
[H:1][C:2]([C:3](=[O:4])[O:5][C:6]([H:9])([H:10])[H:11])([H:7])[H:8]>>[C:2]([C:3](=[O:4])[O:5][C:6]([H:9])([H:10])[H:11])([H:7])[H:8].[H:1],26.277355632493567,2.541270456109428,5.391896597135403,5.960755358618147,101.46810597006697,75.1907503375734,283.0
[C:5]([C:6](=[O:7])[O:8][C:9]([H:12])([H:13])[H:14])([H:10])[H:11].[O:1][C:2](=[O:3])[H:4]>>[H:4][C:5]([C:6](=[O:7])[O:8][C:9]([H:12])([H:13])[H:14])([H:10])[H:11].[O:1]=[C:2]=[O:3],10.28792644761667,1.612275432530933,4.776004238802099,5.040798404955154,49.34021205792669,59.62813850554336,284.0
[H:4][C:5]([C:6](=[O:7])[O:8][C:9]([H:12])([H:13])[H:14])([H:10])[H:11].[O:1]=[C:2]=[O:3]>>[C:5]([C:6](=[O:7])[O:8][C:9]([H:12])([H:13])[H:14])([H:10])[H:11].[O:1][C:2](=[O:3])[H:4],65.48020268750474,2.395004804855136,5.136185670278952,5.667137836232505,150.10528345278,84.62508076527524,285.0
[C:1]([C:2](=[O:3])[O:4][C:5]([H:8])([H:9])[H:10])([H:6])[H:7]>>[C:1]([C:2](=[O:3])[O:4][C:5]([H:9])[H:10])([H:6])([H:7])[H:8],48.792035562628215,2.007688422095646,5.862522740109401,6.196772198372048,30.20199675761978,78.994032320248,286.0
[C:1]([C:2](=[O:3])[O:4][C:5]([H:9])[H:10])([H:6])([H:7])[H:8]>>[C:1]([C:2](=[O:3])[O:4][C:5]([H:8])([H:9])[H:10])([H:6])[H:7],39.62627173033948,1.0654795350826185,7.05497598266925,7.134979520343406,31.812208739633206,71.43848046997269,287.0
[C:1]([C:2]([H:6])[H:7])([H:3])([H:4])[H:5].[C:8]([C:9](=[O:10])[O:11][C:12]([H:15])([H:16])[H:17])([H:13])[H:14]>>[C:1](=[C:2]([H:6])[H:7])([H:4])[H:5].[H:3][C:8]([C:9](=[O:10])[O:11][C:12]([H:15])([H:16])[H:17])([H:13])[H:14],8.498024267212017,1.6930035511458719,4.252034176074106,4.5766861000831955,48.001694324746495,56.49971859195851,288.0
[C:1](=[C:2]([H:6])[H:7])([H:4])[H:5].[H:3][C:8]([C:9](=[O:10])[O:11][C:12]([H:15])([H:16])[H:17])([H:13])[H:14]>>[C:1]([C:2]([H:6])[H:7])([H:3])([H:4])[H:5].[C:8]([C:9](=[O:10])[O:11][C:12]([H:15])([H:16])[H:17])([H:13])[H:14],22.429973813272483,1.6301465215073032,5.068285353001133,5.323992308505731,100.38682191842236,77.95684810514987,289.0
[C:1]([C:2]([H:6])[H:7])([H:3])([H:4])[H:5].[C:8]([C:9]([H:13])[H:14])([H:10])([H:11])[H:12]>>[C:1]([C:2]([H:6])([H:7])[H:10])([H:3])([H:4])[H:5].[C:8](=[C:9]([H:13])[H:14])([H:11])[H:12],7.923157019310381,1.3132260220486411,5.3373923264100664,5.496573426327238,46.62938143122301,54.55253845053339,290.0
[C:1]([C:2]([H:6])([H:7])[H:10])([H:3])([H:4])[H:5].[C:8](=[C:9]([H:13])[H:14])([H:11])[H:12]>>[C:1]([C:2]([H:6])[H:7])([H:3])([H:4])[H:5].[C:8]([C:9]([H:13])[H:14])([H:10])([H:11])[H:12],19.808807407049557,1.9665854350144907,4.104753767076167,4.551534000920691,94.4902572495048,74.68144984245524,291.0
[C:1]([O:2][H:5])([H:3])[H:4].[C:6]([C:7]([H:11])[H:12])([H:8])([H:9])[H:10]>>[C:1](=[O:2])([H:3])[H:4].[H:5][C:7]([C:6]([H:8])([H:9])[H:10])([H:11])[H:12],3.877379837115498,1.5205080328919434,4.36210054035849,4.619509259898151,38.35962093921262,34.48224110209712,292.0
[C:1](=[O:2])([H:3])[H:4].[H:5][C:7]([C:6]([H:8])([H:9])[H:10])([H:11])[H:12]>>[C:1]([O:2][H:5])([H:3])[H:4].[C:6]([C:7]([H:11])[H:12])([H:8])([H:9])[H:10],23.42578300318877,2.637164203990917,4.214392408343109,4.971492573695658,97.32210253314406,73.89631952995529,293.0
[C:1]([C:2]([H:6])[H:7])([H:3])([H:4])[H:5].[C:8]([O:9][C:10]([C:11]([H:15])([H:16])[H:17])=[O:12])([H:13])[H:14]>>[C:1](=[C:2]([H:6])[H:7])([H:4])[H:5].[H:3][C:8]([O:9][C:10]([C:11]([H:15])([H:16])[H:17])=[O:12])([H:13])[H:14],4.760430370057932,0.8933169117813965,4.314680773797074,4.406187159512038,51.450700808432885,56.21113117849082,294.0
[C:1](=[C:2]([H:6])[H:7])([H:4])[H:5].[H:3][C:8]([O:9][C:10]([C:11]([H:15])([H:16])[H:17])=[O:12])([H:13])[H:14]>>[C:1]([C:2]([H:6])[H:7])([H:3])([H:4])[H:5].[C:8]([O:9][C:10]([C:11]([H:15])([H:16])[H:17])=[O:12])([H:13])[H:14],21.33766503451085,1.078425405819545,4.039929277045323,4.181390907275352,102.23455577873392,80.89689074422307,295.0
[C:1]([H:2])([H:3])[H:4].[C:5]([C:6]([H:10])[H:11])([H:7])([H:8])[H:9]>>[C:1]([H:2])([H:3])([H:4])[H:7].[C:5](=[C:6]([H:10])[H:11])([H:8])[H:9],12.696063611595171,1.7997248607138854,4.8908421283974075,5.211462971103075,36.79649116797373,49.4925547795689,296.0
[C:1]([H:2])([H:3])([H:4])[H:7].[C:5](=[C:6]([H:10])[H:11])([H:8])[H:9]>>[C:1]([H:2])([H:3])[H:4].[C:5]([C:6]([H:10])[H:11])([H:7])([H:8])[H:9],21.016869523722235,2.647547630241231,4.896961924511376,5.566843319558232,93.38017834824859,72.36330882452636,297.0
[C:1](=[C:2]([O:3])[H:5])[H:4].[C:6]([C:7]([H:11])[H:12])([H:8])([H:9])[H:10]>>[C:1](=[C:2]([O:3])[H:5])([H:4])[H:8].[C:6](=[C:7]([H:11])[H:12])([H:9])[H:10],7.533486860438188,1.8497275011458512,6.397571355573152,6.659610429908448,35.003411246230826,42.536898106669014,298.0
[C:1](=[C:2]([O:3])[H:5])([H:4])[H:8].[C:6](=[C:7]([H:11])[H:12])([H:9])[H:10]>>[C:1](=[C:2]([O:3])[H:5])[H:4].[C:6]([C:7]([H:11])[H:12])([H:8])([H:9])[H:10],29.889170573781414,1.3477250469501731,4.91047263975559,5.092062877455961,99.22745387448231,69.3382833007009,299.0
[C:1](=[O:2])[H:3].[C:4]([C:5]([H:9])[H:10])([H:6])([H:7])[H:8]>>[C:1](=[O:2])([H:3])[H:6].[C:4](=[C:5]([H:9])[H:10])([H:7])[H:8],15.570834957626744,1.8744103413218662,6.1808806733297965,6.458846648248908,58.22656461270526,42.65572965507852,300.0
[C:1](=[O:2])([H:3])[H:6].[C:4](=[C:5]([H:9])[H:10])([H:7])[H:8]>>[C:1](=[O:2])[H:3].[C:4]([C:5]([H:9])[H:10])([H:6])([H:7])[H:8],33.181764430468974,1.20312596482823,4.623393982121922,4.777372081088624,97.73453911635443,64.55277468588545,301.0
[C:2]([C:3]([H:7])[H:8])([H:4])([H:5])[H:6].[H:1]>>[C:2](=[C:3]([H:7])[H:8])([H:5])[H:6].[H:1][H:4],35.93411579463914,2.488383853915548,9.387004744791012,9.711226095769605,26.39825461320288,62.33237040784202,302.0
[C:2](=[C:3]([H:7])[H:8])([H:5])[H:6].[H:1][H:4]>>[C:2]([C:3]([H:7])[H:8])([H:4])([H:5])[H:6].[H:1],23.639014475609727,2.624096958378366,3.893664648498273,4.695371044117363,89.58523359947867,65.94621912386894,303.0
[C:2]([C:3]([H:7])[H:8])([H:4])([H:5])[H:6].[H:1]>>[H:1][C:3]([C:2]([H:4])([H:5])[H:6])([H:7])[H:8],42.0272786859994,3.1124634635266326,8.157824949841089,8.73141092401669,18.961252369852446,60.988531055851844,304.0
[H:1][C:3]([C:2]([H:4])([H:5])[H:6])([H:7])[H:8]>>[C:2]([C:3]([H:7])[H:8])([H:4])([H:5])[H:6].[H:1],21.45395782114356,3.6357722598188054,6.382803289289795,7.3456802105071635,93.7475614686482,72.29360364750464,305.0
[C:5]([C:6]([H:10])[H:11])([H:7])([H:8])[H:9].[O:1][C:2](=[O:3])[H:4]>>[H:4][C:6]([C:5]([H:7])([H:8])[H:9])([H:10])[H:11].[O:1]=[C:2]=[O:3],15.938341814393745,2.061657339305424,5.3017789065813465,5.688522704444698,39.14508896396728,55.08343077836103,306.0
[H:4][C:6]([C:5]([H:7])([H:8])[H:9])([H:10])[H:11].[O:1]=[C:2]=[O:3]>>[C:5]([C:6]([H:10])[H:11])([H:7])([H:8])[H:9].[O:1][C:2](=[O:3])[H:4],51.519487133561626,2.7133056330495053,6.042890082529695,6.624088466187172,135.6628925058758,84.14340537231416,307.0
[C:1]([O:2][H:5])([H:3])[H:4].[C:6]([O:7][C:8]([C:9]([H:13])([H:14])[H:15])=[O:10])([H:11])[H:12]>>[C:1](=[O:2])([H:3])[H:4].[H:5][C:6]([O:7][C:8]([C:9]([H:13])([H:14])[H:15])=[O:10])([H:11])[H:12],3.0709571090579075,2.175210967946038,3.9693223093981866,4.526263619251412,45.50536625398672,42.434409144928814,308.0
[C:1](=[O:2])([H:3])[H:4].[H:5][C:6]([O:7][C:8]([C:9]([H:13])([H:14])[H:15])=[O:10])([H:11])[H:12]>>[C:1]([O:2][H:5])([H:3])[H:4].[C:6]([O:7][C:8]([C:9]([H:13])([H:14])[H:15])=[O:10])([H:11])[H:12],27.155050848791603,2.5028717623023704,3.9865984195041206,4.707157742940354,106.14682027284289,78.99176942405128,309.0
[C:1]([H:2])([H:3])[H:4].[C:5]([O:6][H:9])([H:7])[H:8]>>[C:1]([H:2])([H:3])([H:4])[H:9].[C:5](=[O:6])([H:7])[H:8],3.7614354345811876,1.5467462757241706,6.112867168521584,6.305518936729607,30.651497750543058,26.89006231596187,310.0
[C:1]([H:2])([H:3])([H:4])[H:9].[C:5](=[O:6])([H:7])[H:8]>>[C:1]([H:2])([H:3])[H:4].[C:5]([O:6][H:9])([H:7])[H:8],32.267248501043724,3.5497947828708485,5.603397909525365,6.633182579499099,97.87103888559795,65.60379038455423,311.0
[C:1]([O:2][H:5])([H:3])[H:4].[C:6](=[C:7]([O:8])[H:10])[H:9]>>[C:1](=[O:2])([H:3])[H:4].[H:5][C:6](=[C:7]([O:8])[H:10])[H:9],7.746326489926066,2.675308980256537,3.696749472397698,4.563248273052205,37.80258974307799,30.056263253151922,312.0
[C:1](=[O:2])([H:3])[H:4].[H:5][C:6](=[C:7]([O:8])[H:10])[H:9]>>[C:1]([O:2][H:5])([H:3])[H:4].[C:6](=[C:7]([O:8])[H:10])[H:9],50.29798603573671,1.933752359645934,3.556035326393399,4.047812425371762,121.01387228371459,70.71588624797788,313.0
[C:1](=[O:2])[H:3].[C:4]([O:5][H:8])([H:6])[H:7]>>[C:1](=[O:2])([H:3])[H:8].[C:4](=[O:5])([H:6])[H:7],2.481510071661752,3.029545583843566,5.290762935435628,6.0967465818718,39.36782841006061,36.88631833839886,314.0
[C:1](=[O:2])([H:3])[H:8].[C:4](=[O:5])([H:6])[H:7]>>[C:1](=[O:2])[H:3].[C:4]([O:5][H:8])([H:6])[H:7],17.700748696380742,3.022617060872026,5.63657144287478,6.395869880423314,89.66684131065267,71.96609261427193,315.0
[C:2]([O:3][H:6])([H:4])[H:5].[H:1]>>[C:2](=[O:3])([H:4])[H:5].[H:1][H:6],26.415086294958883,2.931511412349356,10.668808345001752,11.064232041272161,26.7138178604946,53.12890415545348,316.0
[C:2](=[O:3])([H:4])[H:5].[H:1][H:6]>>[C:2]([O:3][H:6])([H:4])[H:5].[H:1],23.80720730240128,3.3983652034253833,6.473662036372133,7.311442143450103,99.94295663107187,76.13574932867058,317.0
[C:1]([O:2][H:5])([H:3])[H:4]>>[C:1]([O:2])([H:3])([H:4])[H:5],0.8393309351157114,0.848646691122018,5.930099424974932,5.990515870644228,38.52236273244489,39.3616936675606,318.0
[C:1]([O:2])([H:3])([H:4])[H:5]>>[C:1]([O:2][H:5])([H:3])[H:4],41.595567824658914,4.469435864812381,4.731694407089755,6.508823926928401,28.453168635765905,70.04873646042482,319.0
[C:2]([O:3][C:4]([C:5]([H:9])([H:10])[H:11])=[O:6])([H:7])[H:8].[H:1]>>[H:1][C:2]([O:3][C:4]([C:5]([H:9])([H:10])[H:11])=[O:6])([H:7])[H:8],45.1358325753894,1.6199862744950515,5.723413079723821,5.948261326699262,21.195075986761367,66.33090856215077,320.0
[H:1][C:2]([O:3][C:4]([C:5]([H:9])([H:10])[H:11])=[O:6])([H:7])[H:8]>>[C:2]([O:3][C:4]([C:5]([H:9])([H:10])[H:11])=[O:6])([H:7])[H:8].[H:1],16.23469294831122,1.6699908301313988,4.179287216743425,4.500590073841203,96.22215811270871,79.98746516439749,321.0
[C:1]([H:2])([H:3])[H:4].[C:5]([H:6])([H:7])[H:8]>>[C:1]([H:2])([H:3])([H:4])[C:5]([H:6])([H:7])[H:8],41.873850162314305,4.680564475190581,10.875631335640392,11.840060842545503,20.12285870789492,61.996708870209225,322.0
[C:1]([H:2])([H:3])([H:4])[C:5]([H:6])([H:7])[H:8]>>[C:1]([H:2])([H:3])[H:4].[C:5]([H:6])([H:7])[H:8],6.422460063138473,4.435509792336731,12.348195799735013,13.120658772581065,81.46919186895684,75.04673180581837,323.0
[C:1](=[O:2])[H:3].[C:4]([H:5])([H:6])[H:7]>>[C:1](=[O:2])([H:3])[C:4]([H:5])([H:6])[H:7],41.04134501313996,2.9184925542695264,7.894291710705523,8.416498108063744,20.2661076059303,61.30745261907026,324.0
[C:1](=[O:2])([H:3])[C:4]([H:5])([H:6])[H:7]>>[C:1](=[O:2])[H:3].[C:4]([H:5])([H:6])[H:7],3.5382873782064763,2.475329552503505,8.492808644085668,8.84618873066551,77.06213105068309,73.52384367247662,325.0
[C:2]([H:3])([H:4])[H:5].[H:1]>>[H:1][C:2]([H:3])([H:4])[H:5],28.507442911028512,3.90978654167298,10.130598020261314,10.858887928769207,16.926119428793754,45.43356233982227,326.0
[H:1][C:2]([H:3])([H:4])[H:5]>>[C:2]([H:3])([H:4])[H:5].[H:1],41.1868476365795,6.0528660521733375,10.470672835686191,12.094303496999286,100.45376791613671,59.26692027955721,327.0
[C:5]([H:6])([H:7])[H:8].[O:1][C:2](=[O:3])[H:4]>>[H:4][C:5]([H:6])([H:7])[H:8].[O:1]=[C:2]=[O:3],22.51414779057543,1.7505425523349618,3.9821981289439554,4.349977145422737,28.8184280222049,51.33257581278033,328.0
[H:4][C:5]([H:6])([H:7])[H:8].[O:1]=[C:2]=[O:3]>>[C:5]([H:6])([H:7])[H:8].[O:1][C:2](=[O:3])[H:4],55.898932718946725,3.2616701393346244,9.185784257990429,9.747672775189569,134.5211443339067,78.62221161495998,329.0
[C:1](=[C:2]([O:3])[H:5])[H:4]>>[C:1](=[C:2]=[O:3])([H:4])[H:5],1315.422061849917,1.5485555953281904,2.8094668536045924,3.2079788704611403,1357.118588709709,41.69652685979201,330.0
[C:1](=[C:2]=[O:3])([H:4])[H:5]>>[C:1](=[C:2]([O:3])[H:5])[H:4],1351.6710707221187,1.589687865719512,3.9657701175292894,4.272521519606909,1427.7065825413738,76.03551181925505,331.0
[C:1](=[O:2])[H:3].[C:4](=[O:5])[H:6]>>[C-:4]#[O+:5].[C:1](=[O:2])([H:3])[H:6],5.98668508317887,1.380005089130192,5.461594283663391,5.6332429528087875,40.59090439611464,34.60421931293577,332.0
[C-:4]#[O+:5].[C:1](=[O:2])([H:3])[H:6]>>[C:1](=[O:2])[H:3].[C:4](=[O:5])[H:6],25.37242849714744,2.0818794728263734,6.301762289404979,6.636748457757195,101.49992721280432,76.12749871565688,333.0
[C:2](=[O:3])[H:4].[H:1]>>[H:1][C:2](=[O:3])[H:4],32.31076701260239,1.7336271110964359,10.499530550894656,10.641691818009898,19.426146829500794,51.736913842103185,334.0
[H:1][C:2](=[O:3])[H:4]>>[C:2](=[O:3])[H:4].[H:1],15.78859796871113,2.2794851155020908,7.499807680115678,7.838569233636818,85.91665918684157,70.12806121813044,335.0
[C:3](=[O:4])[H:5].[H:1][H:2]>>[H:1].[H:2][C:3](=[O:4])[H:5],22.28420838799012,2.648955326626617,8.647424539043788,9.044054150706982,38.58149730369041,60.86570569168053,336.0
[H:1].[H:2][C:3](=[O:4])[H:5]>>[C:3](=[O:4])[H:5].[H:1][H:2],63.93162634662417,1.5173270956064626,7.874599419342607,8.01945119881482,15.776054306930746,79.70768065355492,337.0
[C:1](=[O:2])[H:3].[O:4][C:5](=[O:6])[H:7]>>[C:1](=[O:2])([H:3])[H:7].[O:4]=[C:5]=[O:6],18.81435382620795,1.0050087503283411,3.6240247876303804,3.760797554986968,30.4457946390321,49.26014846524005,338.0
[C:1](=[O:2])([H:3])[H:7].[O:4]=[C:5]=[O:6]>>[C:1](=[O:2])[H:3].[O:4][C:5](=[O:6])[H:7],33.981320751295314,3.540737339872382,5.749209935423009,6.752054190506263,118.61191506354953,84.63059431225422,339.0
[H:1].[H:2]>>[H:1][H:2],53.25205381157653,6.80682021793934,23.152990980592133,24.132836402435757,15.642830538154499,68.89488434973103,340.0
[H:1][H:2]>>[H:1].[H:2],42.657061301962095,2.718783498511896,17.179949669288717,17.39374756488877,104.88254780956095,62.22548650759885,341.0
[H:1].[O:2][C:3](=[O:4])[H:5]>>[H:1][H:5].[O:2]=[C:3]=[O:4],30.516083492179533,1.8404552230934343,5.515972223683213,5.814914014897954,23.930353335497784,54.44643682767732,342.0
[H:1][H:5].[O:2]=[C:3]=[O:4]>>[H:1].[O:2][C:3](=[O:4])[H:5],53.6973796570617,3.67254206140637,7.40554632108062,8.266176958332652,135.3516957753891,81.65431611832739,343.0
[O:1][C:2](=[O:3])[H:4]>>[O:1]([C:2]=[O:3])[H:4],54.83069944860034,2.2444731884624853,4.092649476592825,4.667701750538748,20.06300898588961,74.89370843448995,344.0
[O:1]([C:2]=[O:3])[H:4]>>[O:1][C:2](=[O:3])[H:4],22.588643268353664,1.2516704078056808,3.7845051183715275,3.986120645534544,32.6888836077851,55.277526876138765,345.0
